Data,Time,latitude,longitude,PM1,PM2.5,PM10,CO2,SO2,NO2,CO,O3,H2S,TEMP.,HUMI.
08-03-22,17:58:31,29.865567,77.891799,69,86,88,0,0.026,-0.023,0.25,-0.024,0,25.1,54.2
08-03-22,17:58:34,29.865567,77.891799,70,87,89,0,0.026,-0.023,0.25,-0.023,0,25.2,54.1
08-03-22,17:58:37,29.865567,77.891799,71,88,91,0,0.025,-0.023,0.25,-0.023,0,25.2,54.1
08-03-22,17:58:40,29.865755,77.891291,71,89,90,0,0.025,-0.023,0.26,-0.023,0,25.1,54.3
08-03-22,17:58:43,29.865755,77.891291,72,89,92,0,0.025,-0.023,0.26,-0.023,0,25.1,54.1
08-03-22,17:58:46,29.865755,77.891291,72,90,94,0,0.025,-0.023,0.26,-0.024,0,25.1,53.8
08-03-22,17:58:49,29.865755,77.891291,72,91,94,0,0.025,-0.023,0.26,-0.023,0,25.2,53.6
08-03-22,17:59:01,29.86565,77.889905,70,88,89,0,0.025,-0.023,0.26,-0.023,0,25.2,54.7
08-03-22,17:59:04,29.86565,77.889905,72,88,89,0,0.025,-0.023,0.25,-0.023,0,25.3,54.9
08-03-22,17:59:07,29.86565,77.889905,73,89,90,0,0.025,-0.023,0.25,-0.023,0,25.3,55
08-03-22,17:59:10,29.86565,77.889905,73,90,94,0,0.025,-0.023,0.25,-0.023,0,25.3,55
08-03-22,17:59:13,29.865488,77.889511,74,91,93,0,0.025,-0.023,0.25,-0.023,0,25.3,54.5
08-03-22,17:59:16,29.865488,77.889511,75,91,98,0,0.026,-0.023,0.25,-0.023,0,25.3,54
08-03-22,17:59:19,29.865488,77.889511,75,93,99,0,0.026,-0.023,0.25,-0.023,0,25.3,53.8
08-03-22,17:59:22,29.864998,77.889294,76,93,95,0,0.026,-0.023,0.25,-0.024,0,25.4,53.7
08-03-22,17:59:25,29.864998,77.889294,77,93,98,0,0.026,-0.023,0.25,-0.024,0,25.4,53.4
08-03-22,17:59:28,29.864998,77.889294,77,95,98,0,0.026,-0.023,0.25,-0.024,0,25.4,53.3
08-03-22,17:59:31,29.864299,77.889256,77,95,98,0,0.026,-0.023,0.26,-0.024,0,25.4,53.3
08-03-22,17:59:34,29.864299,77.889256,78,95,98,0,0.026,-0.023,0.26,-0.024,0,25.5,53.3
08-03-22,17:59:37,29.864299,77.889256,79,96,100,0,0.026,-0.023,0.26,-0.024,0,25.5,53.3
08-03-22,17:59:40,29.864299,77.889256,80,97,101,0,0.026,-0.023,0.26,-0.024,0,25.5,53
08-03-22,17:59:43,29.863876,77.889155,80,98,99,0,0.026,-0.023,0.26,-0.024,0,25.5,52.8
08-03-22,17:59:46,29.863876,77.889155,82,99,102,0,0.026,-0.023,0.26,-0.024,0,25.5,52.6
08-03-22,17:59:50,29.863876,77.889155,82,101,104,0,0.026,-0.023,0.26,-0.024,0,25.6,52.5
08-03-22,17:59:53,29.863444,77.888964,83,102,105,0,0.026,-0.023,0.27,-0.024,0,25.6,52.4
08-03-22,17:59:55,29.863444,77.888964,84,102,107,0,0.026,-0.023,0.27,-0.024,0,25.6,52.7
08-03-22,17:59:58,29.863444,77.888964,83,103,107,0,0.026,-0.023,0.27,-0.024,0,25.6,52.9
08-03-22,18:00:01,29.862887,77.888862,84,102,105,0,0.026,-0.023,0.27,-0.024,0,25.6,53.1
08-03-22,18:00:04,29.862887,77.888862,89,102,104,0,0.026,-0.023,0.27,-0.024,0,25.6,53.2
08-03-22,18:00:07,29.862887,77.888862,92,107,112,0,0.026,-0.023,0.27,-0.024,0,25.6,53.4
08-03-22,18:00:10,29.862887,77.888862,93,111,116,0,0.026,-0.023,0.27,-0.024,0,25.6,53.6
08-03-22,18:00:13,29.862172,77.888722,93,113,117,0,0.026,-0.023,0.27,-0.024,0,25.6,53.6
08-03-22,18:00:16,29.862172,77.888722,93,115,121,0,0.026,-0.023,0.27,-0.024,0,25.6,53.5
08-03-22,18:00:19,29.862172,77.888722,92,115,120,0,0.026,-0.023,0.27,-0.024,0,25.6,53.5
08-03-22,18:00:22,29.861396,77.888633,91,115,121,0,0.027,-0.023,0.27,-0.024,0,25.6,53.5
08-03-22,18:00:25,29.861396,77.888633,90,113,116,0,0.026,-0.023,0.27,-0.024,0,25.6,53.5
08-03-22,18:00:29,29.861396,77.888633,89,112,117,0,0.026,-0.023,0.27,-0.024,0,25.6,53.3
08-03-22,18:00:32,29.860681,77.888519,89,112,113,0,0.026,-0.023,0.27,-0.024,0,25.6,53.2
08-03-22,18:00:35,29.860681,77.888519,88,112,115,0,0.026,-0.023,0.26,-0.024,0,25.6,53
08-03-22,18:00:38,29.860681,77.888519,86,111,114,0,0.026,-0.023,0.27,-0.024,0,25.6,52.9
08-03-22,18:00:41,29.860681,77.888519,83,109,110,0,0.026,-0.023,0.27,-0.024,0,25.7,52.7
08-03-22,18:00:44,29.859918,77.888417,80,105,107,0,0.026,-0.023,0.28,-0.024,0,25.7,52.6
08-03-22,18:00:47,29.859918,77.888417,78,102,105,0,0.026,-0.023,0.28,-0.024,0,25.7,52.5
08-03-22,18:00:50,29.859918,77.888417,76,98,102,0,0.026,-0.023,0.28,-0.024,0,25.7,52.4
08-03-22,18:00:53,29.859168,77.888366,75,96,101,0,0.026,-0.023,0.28,-0.024,0,25.7,52.3
08-03-22,18:00:56,29.859168,77.888366,75,94,97,0,0.026,-0.023,0.28,-0.025,0,25.7,52.3
08-03-22,18:00:59,29.859168,77.888366,74,93,95,0,0.027,-0.023,0.28,-0.024,0,25.7,52.2
08-03-22,18:01:02,29.859168,77.888366,73,91,95,0,0.026,-0.023,0.28,-0.024,0,25.7,52.2
08-03-22,18:01:05,29.858558,77.88829,73,91,94,0,0.026,-0.023,0.28,-0.025,0,25.7,52.2
08-03-22,18:01:08,29.858558,77.88829,73,90,91,0,0.027,-0.024,0.28,-0.025,0,25.7,52.3
08-03-22,18:01:11,29.858558,77.88829,73,89,90,0,0.026,-0.023,0.28,-0.024,0,25.7,52.4
08-03-22,18:01:14,29.857947,77.888163,73,90,90,0,0.026,-0.023,0.28,-0.024,0,25.7,52.5
08-03-22,18:01:17,29.857947,77.888163,73,89,92,0,0.026,-0.023,0.28,-0.024,0,25.7,52.6
08-03-22,18:01:20,29.857947,77.888163,72,89,94,0,0.026,-0.023,0.28,-0.024,0,25.7,52.5
08-03-22,18:01:23,29.857289,77.888074,70,88,92,0,0.026,-0.023,0.27,-0.024,0,25.7,52.5
08-03-22,18:01:26,29.857289,77.888074,70,88,89,0,0.026,-0.023,0.27,-0.024,0,25.7,52.5
08-03-22,18:01:29,29.857289,77.888074,70,87,90,0,0.026,-0.023,0.28,-0.024,0,25.7,52.6
08-03-22,18:01:32,29.857289,77.888074,69,86,91,0,0.026,-0.023,0.27,-0.024,0,25.7,52.6
08-03-22,18:01:35,29.857289,77.888074,69,86,89,0,0.026,-0.023,0.27,-0.024,0,25.7,52.5
08-03-22,18:01:38,29.857289,77.888074,69,86,89,0,0.026,-0.023,0.27,-0.024,0,25.7,52.9
08-03-22,18:01:41,29.857289,77.888074,69,86,90,0,0.026,-0.023,0.27,-0.024,0,25.7,53.4
08-03-22,18:01:44,29.856475,77.887985,69,86,92,0,0.026,-0.023,0.27,-0.024,0,25.8,53.2
08-03-22,18:01:47,29.856475,77.887985,67,85,93,0,0.026,-0.023,0.27,-0.024,0,25.8,52.8
08-03-22,18:01:50,29.856475,77.887985,67,84,87,0,0.026,-0.023,0.27,-0.024,0,25.8,52.9
08-03-22,18:01:53,29.856574,77.887591,67,83,86,0,0.026,-0.023,0.27,-0.024,0,25.8,53.1
08-03-22,18:01:56,29.856574,77.887591,68,84,89,0,0.026,-0.023,0.27,-0.024,0,25.8,53.4
08-03-22,18:01:59,29.856574,77.887591,70,85,89,0,0.026,-0.023,0.27,-0.024,0,25.8,53.6
08-03-22,18:02:02,29.856574,77.887591,74,87,89,0,0.026,-0.023,0.27,-0.024,0,25.8,53.3
08-03-22,18:02:05,29.856637,77.886866,77,91,94,0,0.026,-0.023,0.27,-0.024,0,25.8,53.2
08-03-22,18:02:08,29.856637,77.886866,80,94,98,0,0.026,-0.023,0.27,-0.024,0,25.8,53.4
08-03-22,18:02:11,29.856637,77.886866,82,97,101,0,0.026,-0.023,0.27,-0.024,0,25.8,53.4
08-03-22,18:02:14,29.856637,77.886866,83,99,105,0,0.026,-0.023,0.27,-0.024,0,25.8,53.3
08-03-22,18:02:17,29.856637,77.886866,84,101,108,0,0.026,-0.023,0.27,-0.024,0,25.8,53.2
08-03-22,18:02:20,29.856637,77.886866,85,102,108,0,0.026,-0.023,0.26,-0.024,0,25.8,53
08-03-22,18:02:23,29.856981,77.885276,85,104,109,0,0.026,-0.023,0.26,-0.024,0,25.8,52.8
08-03-22,18:02:26,29.856981,77.885276,85,105,105,0,0.026,-0.023,0.26,-0.024,0,25.8,52.7
08-03-22,18:02:29,29.856981,77.885276,84,105,105,0,0.026,-0.023,0.26,-0.024,0,25.8,52.5
08-03-22,18:02:32,29.856981,77.885276,83,104,105,0,0.026,-0.023,0.26,-0.024,0,25.8,52.4
08-03-22,18:02:35,29.857143,77.884424,80,102,104,0,0.026,-0.023,0.26,-0.024,0,25.8,52.6
08-03-22,18:02:38,29.857143,77.884424,77,99,102,0,0.026,-0.023,0.26,-0.024,0,25.8,52.8
08-03-22,18:02:41,29.857143,77.884424,73,94,98,0,0.026,-0.023,0.26,-0.024,0,25.8,53
08-03-22,18:02:44,29.857289,77.883522,70,90,94,0,0.026,-0.023,0.27,-0.024,0,25.7,53.1
08-03-22,18:02:47,29.857289,77.883522,68,87,91,0,0.026,-0.023,0.26,-0.024,0,25.7,53.2
08-03-22,18:02:50,29.857289,77.883522,65,84,88,0,0.026,-0.023,0.26,-0.024,0,25.7,53.3
08-03-22,18:02:53,29.857343,77.882746,64,82,86,0,0.026,-0.023,0.26,-0.024,0,25.7,53.2
08-03-22,18:02:56,29.857343,77.882746,65,80,82,0,0.026,-0.023,0.27,-0.024,0,25.7,52.7
08-03-22,18:02:59,29.857343,77.882746,69,80,81,0,0.026,-0.023,0.26,-0.024,0,25.7,52.4
08-03-22,18:03:02,29.857343,77.882746,75,84,87,0,0.026,-0.023,0.26,-0.024,0,25.7,52.3
08-03-22,18:03:05,29.857521,77.881958,82,90,95,0,0.026,-0.023,0.26,-0.024,0,25.8,52.2
08-03-22,18:03:08,29.857521,77.881958,86,98,102,0,0.026,-0.023,0.26,-0.024,0,25.8,52.1
08-03-22,18:03:11,29.857521,77.881958,87,102,106,0,0.026,-0.023,0.26,-0.024,0,25.8,52.1
08-03-22,18:03:14,29.857629,77.881411,89,105,109,0,0.026,-0.023,0.25,-0.024,0,25.8,52.7
08-03-22,18:03:17,29.857629,77.881411,91,107,111,0,0.026,-0.023,0.25,-0.024,0,25.8,52.9
08-03-22,18:03:20,29.857629,77.881411,92,110,114,0,0.026,-0.023,0.25,-0.024,0,25.8,52.7
08-03-22,18:03:23,29.857629,77.881411,93,112,114,0,0.026,-0.023,0.26,-0.024,0,25.8,52.6
08-03-22,18:03:26,29.857995,77.880953,93,113,116,0,0.026,-0.023,0.26,-0.024,0,25.8,52.4
08-03-22,18:03:29,29.857995,77.880953,93,114,117,0,0.026,-0.023,0.26,-0.024,0,25.8,52.2
08-03-22,18:03:32,29.857995,77.880953,92,113,116,0,0.026,-0.023,0.26,-0.024,0,25.8,52.2
08-03-22,18:03:35,29.858462,77.880381,89,113,115,0,0.025,-0.023,0.26,-0.024,0,25.9,52.4
08-03-22,18:03:38,29.858462,77.880381,85,110,110,0,0.025,-0.023,0.26,-0.024,0,25.8,52.4
08-03-22,18:03:41,29.858462,77.880381,79,104,105,0,0.025,-0.023,0.26,-0.024,0,25.9,52.2
08-03-22,18:03:45,29.858983,77.879821,77,98,102,0,0.025,-0.023,0.26,-0.024,0,25.9,52.2
08-03-22,18:03:48,29.858983,77.879821,75,95,98,0,0.025,-0.023,0.26,-0.024,0,25.9,52.2
08-03-22,18:03:51,29.858983,77.879821,75,95,97,0,0.025,-0.023,0.26,-0.023,0,25.9,52.1
08-03-22,18:03:54,29.858983,77.879821,75,94,98,0,0.025,-0.023,0.26,-0.023,0,25.9,51.9
08-03-22,18:03:57,29.859559,77.879376,75,94,95,0,0.025,-0.023,0.25,-0.023,0,25.9,51.9
08-03-22,18:04:00,29.859559,77.879376,75,94,94,0,0.025,-0.023,0.26,-0.023,0,25.9,51.8
08-03-22,18:04:03,29.859559,77.879376,75,93,94,0,0.025,-0.023,0.25,-0.023,0,25.9,51.7
08-03-22,18:04:05,29.860255,77.878944,75,93,93,0,0.025,-0.023,0.25,-0.023,0,25.9,51.7
08-03-22,18:04:08,29.860255,77.878944,75,93,94,0,0.025,-0.023,0.25,-0.023,0,25.9,51.7
08-03-22,18:04:11,29.860255,77.878944,74,92,94,0,0.025,-0.023,0.25,-0.023,0,25.9,51.7
08-03-22,18:04:14,29.860865,77.878613,74,92,96,0,0.025,-0.023,0.26,-0.024,0,25.9,51.7
08-03-22,18:04:17,29.860865,77.878613,74,92,95,0,0.025,-0.023,0.26,-0.024,0,25.9,51.7
08-03-22,18:04:20,29.860865,77.878613,74,92,94,0,0.026,-0.023,0.26,-0.024,0,25.9,51.7
08-03-22,18:04:23,29.860865,77.878613,75,93,94,0,0.026,-0.023,0.26,-0.024,0,25.9,51.7
08-03-22,18:04:26,29.861298,77.878372,75,92,93,0,0.026,-0.023,0.26,-0.024,0,25.9,51.7
08-03-22,18:04:29,29.861298,77.878372,75,92,96,0,0.026,-0.023,0.26,-0.024,0,25.9,51.7
08-03-22,18:04:32,29.861298,77.878372,75,93,99,0,0.026,-0.023,0.26,-0.024,0,26,51.8
08-03-22,18:04:35,29.861727,77.878219,76,94,99,0,0.026,-0.023,0.26,-0.024,0,26,51.8
08-03-22,18:04:38,29.861727,77.878219,78,96,99,0,0.026,-0.023,0.26,-0.024,0,26,51.7
08-03-22,18:04:39,29.861727,77.878219,80,99,107,0,0.026,-0.023,0.26,-0.024,0,26,51.7
08-03-22,18:04:42,29.862255,77.878245,81,101,103,0,0.026,-0.023,0.25,-0.024,0,26,51.7
08-03-22,18:04:45,29.862255,77.878245,82,102,106,0,0.026,-0.023,0.26,-0.024,0,26,51.7
08-03-22,18:04:48,29.862255,77.878245,82,102,106,0,0.025,-0.023,0.26,-0.023,0,26,51.7
08-03-22,18:04:51,29.862255,77.878245,81,103,107,0,0.026,-0.023,0.26,-0.023,0,26,51.8
08-03-22,18:04:54,29.86255,77.878283,81,103,105,0,0.026,-0.023,0.26,-0.023,0,26,51.9
08-03-22,18:04:57,29.86255,77.878283,82,103,105,0,0.026,-0.023,0.26,-0.023,0,26,52
08-03-22,18:05:00,29.86255,77.878283,84,104,108,0,0.026,-0.023,0.26,-0.023,0,26,52.1
08-03-22,18:05:03,29.862935,77.878308,85,105,113,0,0.026,-0.024,0.27,-0.024,0,26,51.8
08-03-22,18:05:06,29.862935,77.878308,85,106,113,0,0.026,-0.024,0.27,-0.024,0,26.1,51.6
08-03-22,18:05:10,29.862935,77.878308,83,105,108,0,0.026,-0.023,0.27,-0.024,0,26.1,51.4
08-03-22,18:05:13,29.862935,77.878308,81,102,109,0,0.026,-0.024,0.27,-0.024,0,26.1,51.3
08-03-22,18:05:16,29.863501,77.878321,81,101,105,0,0.026,-0.024,0.27,-0.024,0,26.1,51.3
08-03-22,18:05:19,29.863501,77.878321,80,101,102,0,0.026,-0.023,0.27,-0.024,0,26.1,51.4
08-03-22,18:05:22,29.863501,77.878321,80,101,102,0,0.026,-0.023,0.27,-0.024,0,26.1,51.4
08-03-22,18:05:25,29.864086,77.878384,80,100,104,0,0.026,-0.023,0.27,-0.024,0,26.1,51.4
08-03-22,18:05:28,29.864086,77.878384,80,99,108,0,0.026,-0.023,0.27,-0.024,0,26.1,51.4
08-03-22,18:05:31,29.864086,77.878384,81,101,105,0,0.026,-0.023,0.26,-0.024,0,26.1,51.4
08-03-22,18:05:34,29.864709,77.878423,81,101,104,0,0.026,-0.023,0.26,-0.024,0,26.1,51.3
08-03-22,18:05:37,29.864709,77.878423,80,101,105,0,0.025,-0.023,0.26,-0.024,0,26.1,51.3
08-03-22,18:05:40,29.864709,77.878423,78,100,104,0,0.026,-0.023,0.27,-0.024,0,26.2,51.2
08-03-22,18:05:44,29.864709,77.878423,78,99,101,0,0.026,-0.023,0.27,-0.024,0,26.2,51.2
08-03-22,18:05:47,29.865275,77.878473,79,98,99,0,0.026,-0.023,0.27,-0.024,0,26.2,51.4
08-03-22,18:05:50,29.865275,77.878473,80,98,99,0,0.026,-0.023,0.27,-0.024,0,26.2,51.4
08-03-22,18:05:53,29.865275,77.878473,79,99,102,0,0.026,-0.023,0.27,-0.024,0,26.2,51.2
08-03-22,18:05:56,29.865786,77.878499,79,99,101,0,0.026,-0.023,0.27,-0.024,0,26.2,51.2
08-03-22,18:05:59,29.865786,77.878499,78,98,101,0,0.026,-0.023,0.27,-0.024,0,26.2,51.2
08-03-22,18:06:02,29.865786,77.878499,77,98,104,0,0.026,-0.023,0.27,-0.024,0,26.2,51.1
08-03-22,18:06:05,29.866235,77.878219,75,97,100,0,0.026,-0.023,0.27,-0.024,0,26.2,51
08-03-22,18:06:08,29.866235,77.878219,73,95,97,0,0.026,-0.023,0.28,-0.024,0,26.2,50.9
08-03-22,18:06:11,29.866235,77.878219,72,92,96,0,0.026,-0.023,0.28,-0.024,0,26.2,51
08-03-22,18:06:14,29.866235,77.878219,70,90,95,0,0.026,-0.023,0.28,-0.024,0,26.2,51
08-03-22,18:06:17,29.86667,77.877723,70,89,95,0,0.026,-0.024,0.28,-0.024,0,26.2,51
08-03-22,18:06:19,29.86667,77.877723,70,88,94,0,0.026,-0.024,0.28,-0.024,0,26.2,51
08-03-22,18:06:22,29.86667,77.877723,70,88,93,0,0.027,-0.024,0.28,-0.024,0,26.2,51
08-03-22,18:06:25,29.867176,77.877189,71,89,94,0,0.027,-0.024,0.28,-0.024,0,26.2,51
08-03-22,18:06:28,29.867176,77.877189,72,91,95,0,0.026,-0.024,0.28,-0.024,0,26.2,51
08-03-22,18:06:31,29.867176,77.877189,72,92,97,0,0.027,-0.024,0.28,-0.024,0,26.2,51.1
08-03-22,18:06:34,29.867608,77.876706,73,93,98,0,0.027,-0.024,0.28,-0.024,0,26.2,51.1
08-03-22,18:06:37,29.867608,77.876706,75,94,97,0,0.027,-0.024,0.27,-0.024,0,26.2,51.2
08-03-22,18:06:40,29.867608,77.876706,80,96,100,0,0.026,-0.024,0.27,-0.024,0,26.2,51.3
08-03-22,18:06:43,29.867608,77.876706,85,101,109,0,0.026,-0.024,0.27,-0.024,0,26.2,51.3
08-03-22,18:06:46,29.867938,77.87635,88,107,110,0,0.026,-0.024,0.27,-0.024,0,26.2,51.4
08-03-22,18:06:49,29.867938,77.87635,94,111,113,0,0.026,-0.024,0.28,-0.025,0,26.2,51.5
08-03-22,18:06:52,29.867938,77.87635,100,118,126,0,0.026,-0.024,0.27,-0.024,0,26.3,51.4
08-03-22,18:06:55,29.868355,77.875956,102,124,130,0,0.027,-0.024,0.28,-0.025,0,26.3,51.3
08-03-22,18:06:58,29.868355,77.875956,102,128,129,0,0.027,-0.024,0.28,-0.025,0,26.3,51.2
08-03-22,18:07:01,29.868355,77.875956,102,128,130,0,0.027,-0.024,0.28,-0.025,0,26.3,51.1
08-03-22,18:07:04,29.868355,77.875956,103,129,131,0,0.027,-0.024,0.28,-0.025,0,26.3,51.2
08-03-22,18:07:07,29.868908,77.875587,104,130,136,0,0.027,-0.024,0.28,-0.025,0,26.3,51.2
08-03-22,18:07:10,29.868908,77.875587,105,130,137,0,0.027,-0.024,0.29,-0.025,0,26.3,51.1
08-03-22,18:07:13,29.868908,77.875587,105,131,135,0,0.027,-0.024,0.29,-0.025,0,26.3,51.1
08-03-22,18:07:16,29.86956,77.875523,101,131,134,0,0.027,-0.024,0.29,-0.025,0,26.3,51.1
08-03-22,18:07:19,29.86956,77.875523,97,127,129,0,0.027,-0.024,0.29,-0.025,0,26.3,51
08-03-22,18:07:22,29.86956,77.875523,93,121,126,0,0.027,-0.024,0.29,-0.025,0,26.3,50.9
08-03-22,18:07:25,29.870199,77.875701,88,118,123,0,0.027,-0.024,0.29,-0.025,0,26.4,50.9
08-03-22,18:07:29,29.870199,77.875701,85,113,116,0,0.027,-0.024,0.29,-0.025,0,26.4,50.9
08-03-22,18:07:32,29.870199,77.875701,83,108,111,0,0.027,-0.024,0.28,-0.025,0,26.4,50.9
08-03-22,18:07:35,29.870199,77.875701,83,106,108,0,0.027,-0.024,0.28,-0.025,0,26.4,50.8
08-03-22,18:07:38,29.870777,77.875981,83,106,108,0,0.027,-0.024,0.28,-0.025,0,26.4,50.9
08-03-22,18:07:41,29.870777,77.875981,85,105,112,0,0.026,-0.024,0.28,-0.025,0,26.4,51.4
08-03-22,18:07:44,29.870777,77.875981,87,107,112,0,0.027,-0.024,0.28,-0.025,0,26.4,51.4
08-03-22,18:07:47,29.871343,77.876172,86,110,118,0,0.026,-0.024,0.28,-0.025,0,26.4,51.4
08-03-22,18:07:50,29.871343,77.876172,87,110,118,0,0.026,-0.023,0.28,-0.025,0,26.4,51.3
08-03-22,18:07:53,29.871343,77.876172,88,111,116,0,0.026,-0.023,0.28,-0.025,0,26.4,51.2
08-03-22,18:07:56,29.871944,77.876388,88,113,120,0,0.026,-0.024,0.28,-0.025,0,26.4,51.2
08-03-22,18:07:59,29.871944,77.876388,89,114,125,0,0.026,-0.023,0.28,-0.025,0,26.4,51.1
08-03-22,18:08:02,29.871944,77.876388,90,115,121,0,0.026,-0.023,0.28,-0.025,0,26.4,51.1
08-03-22,18:08:05,29.871944,77.876388,90,116,119,0,0.026,-0.023,0.28,-0.025,0,26.4,51
08-03-22,18:08:08,29.872453,77.876579,90,116,118,0,0.027,-0.023,0.28,-0.025,0,26.4,50.9
08-03-22,18:08:11,29.872453,77.876579,89,116,116,0,0.027,-0.023,0.28,-0.025,0,26.4,50.8
08-03-22,18:08:14,29.872453,77.876579,88,115,116,0,0.027,-0.024,0.28,-0.025,0,26.4,50.7
08-03-22,18:08:17,29.87305,77.876706,85,113,116,0,0.027,-0.024,0.28,-0.025,0,26.4,50.6
08-03-22,18:08:20,29.87305,77.876706,83,110,115,0,0.027,-0.024,0.29,-0.025,0,26.4,50.5
08-03-22,18:08:23,29.87305,77.876706,82,106,110,0,0.027,-0.024,0.29,-0.025,0,26.5,50.5
08-03-22,18:08:26,29.8736,77.876681,80,105,109,0,0.027,-0.024,0.29,-0.025,0,26.5,50.6
08-03-22,18:08:29,29.8736,77.876681,79,104,105,0,0.027,-0.024,0.28,-0.025,0,26.5,50.6
08-03-22,18:08:32,29.8736,77.876681,77,101,105,0,0.027,-0.023,0.28,-0.025,0,26.5,50.5
08-03-22,18:08:35,29.8736,77.876681,77,99,105,0,0.027,-0.024,0.28,-0.025,0,26.5,50.4
08-03-22,18:11:20,29.881875,77.876998,126,158,166,0,0.027,-0.024,0.3,-0.025,0,26.7,49.9
08-03-22,18:11:23,29.881875,77.876998,126,160,170,0,0.026,-0.024,0.3,-0.024,0,26.7,49.8
08-03-22,18:11:26,29.882498,77.877138,126,160,166,0,0.027,-0.024,0.3,-0.024,0,26.7,49.7
08-03-22,18:11:29,29.882498,77.877138,125,160,165,0,0.027,-0.024,0.31,-0.024,0,26.7,49.9
08-03-22,18:11:32,29.882498,77.877138,124,160,167,0,0.026,-0.024,0.31,-0.024,0,26.7,49.9
08-03-22,18:11:35,29.883067,77.877202,121,160,167,0,0.027,-0.024,0.31,-0.024,0,26.8,49.9
08-03-22,18:11:38,29.883067,77.877202,118,158,164,0,0.027,-0.024,0.3,-0.024,0,26.8,49.9
08-03-22,18:11:41,29.883067,77.877202,115,154,157,0,0.026,-0.024,0.31,-0.025,0,26.8,49.8
08-03-22,18:11:44,29.883067,77.877202,110,150,152,0,0.026,-0.024,0.31,-0.025,0,26.8,49.9
08-03-22,18:11:47,29.883623,77.877278,105,146,147,0,0.026,-0.024,0.31,-0.025,0,26.8,50
08-03-22,18:11:49,29.883623,77.877278,98,137,139,0,0.026,-0.024,0.31,-0.025,0,26.8,50
08-03-22,18:11:52,29.883623,77.877278,94,130,133,0,0.027,-0.024,0.31,-0.025,0,26.8,50.1
08-03-22,18:11:55,29.884052,77.877443,90,124,128,0,0.027,-0.024,0.31,-0.025,0,26.8,50.1
08-03-22,18:11:58,29.884052,77.877443,88,119,125,0,0.027,-0.024,0.31,-0.025,0,26.8,50.2
08-03-22,18:12:01,29.884052,77.877443,84,115,120,0,0.027,-0.024,0.31,-0.025,0,26.8,50.3
08-03-22,18:12:04,29.884052,77.877443,81,109,116,0,0.027,-0.025,0.3,-0.025,0,26.8,50.9
08-03-22,18:12:07,29.884122,77.877545,79,105,111,0,0.027,-0.025,0.31,-0.025,0,26.8,51.2
08-03-22,18:12:10,29.884122,77.877545,80,103,107,0,0.027,-0.025,0.3,-0.025,0,26.8,50.8
08-03-22,18:12:13,29.884122,77.877545,81,103,107,0,0.027,-0.025,0.3,-0.025,0,26.8,50.7
08-03-22,18:12:16,29.884017,77.87785,83,105,110,0,0.027,-0.024,0.3,-0.025,0,26.8,50.6
08-03-22,18:12:19,29.884017,77.87785,85,107,114,0,0.027,-0.024,0.3,-0.025,0,26.8,50.6
08-03-22,18:12:22,29.884017,77.87785,87,109,126,0,0.027,-0.024,0.3,-0.025,0,26.8,50.4
08-03-22,18:12:25,29.883808,77.878181,89,112,130,0,0.027,-0.024,0.3,-0.025,0,26.8,50.6
08-03-22,18:12:28,29.883808,77.878181,92,117,126,0,0.027,-0.024,0.3,-0.025,0,26.8,50.8
08-03-22,18:12:32,29.883808,77.878181,94,121,126,0,0.027,-0.024,0.3,-0.025,0,26.8,50.4
08-03-22,18:12:35,29.883808,77.878181,96,126,132,0,0.027,-0.024,0.3,-0.024,0,26.8,50.2
08-03-22,18:12:38,29.88349,77.878575,99,130,144,0,0.027,-0.024,0.3,-0.024,0,26.8,50.2
08-03-22,18:12:41,29.88349,77.878575,100,134,146,0,0.027,-0.024,0.3,-0.024,0,26.8,50.3
08-03-22,18:12:44,29.88349,77.878575,101,139,143,0,0.027,-0.024,0.3,-0.024,0,26.8,50.1
08-03-22,18:12:47,29.883264,77.878906,99,140,152,0,0.027,-0.024,0.3,-0.024,0,26.8,49.9
08-03-22,18:12:50,29.883264,77.878906,99,139,156,0,0.026,-0.024,0.3,-0.024,0,26.8,49.9
08-03-22,18:12:53,29.883264,77.878906,101,140,152,0,0.026,-0.025,0.3,-0.024,0,26.8,50
08-03-22,18:12:56,29.883,77.879249,101,144,156,0,0.027,-0.024,0.3,-0.024,0,26.8,50.2
08-03-22,18:12:59,29.883,77.879249,101,146,165,0,0.027,-0.025,0.3,-0.025,0,26.8,50.2
08-03-22,18:13:02,29.883,77.879249,102,147,167,0,0.027,-0.025,0.3,-0.025,0,26.8,50.1
08-03-22,18:13:05,29.883,77.879249,102,150,181,0,0.027,-0.025,0.3,-0.025,0,26.9,50.3
08-03-22,18:13:08,29.882727,77.879592,103,155,173,0,0.027,-0.025,0.3,-0.025,0,26.8,49.9
08-03-22,18:13:11,29.882727,77.879592,104,160,170,0,0.027,-0.025,0.3,-0.025,0,26.9,49.9
08-03-22,18:13:14,29.882727,77.879592,103,161,172,0,0.027,-0.025,0.3,-0.025,0,26.9,50
08-03-22,18:13:17,29.882485,77.879974,104,162,178,0,0.027,-0.025,0.3,-0.025,0,26.9,50.1
08-03-22,18:13:20,29.882485,77.879974,105,162,183,0,0.027,-0.025,0.3,-0.025,0,26.9,50.1
08-03-22,18:13:23,29.882485,77.879974,107,164,179,0,0.027,-0.025,0.31,-0.025,0,26.9,49.9
08-03-22,18:13:26,29.882263,77.880368,108,169,194,0,0.026,-0.025,0.31,-0.025,0,26.9,49.6
08-03-22,18:13:29,29.882263,77.880368,112,173,204,0,0.027,-0.025,0.31,-0.025,0,26.9,49.7
08-03-22,18:13:32,29.882263,77.880368,117,181,209,0,0.027,-0.025,0.31,-0.025,0,26.9,49.8
08-03-22,18:13:35,29.882263,77.880368,121,193,213,0,0.027,-0.025,0.31,-0.025,0,26.9,49.7
08-03-22,18:13:38,29.882002,77.880737,121,202,221,0,0.027,-0.025,0.31,-0.025,0,26.9,50.3
08-03-22,18:13:41,29.882002,77.880737,120,202,223,0,0.027,-0.025,0.31,-0.025,0,26.9,50.3
08-03-22,18:13:44,29.882002,77.880737,122,198,211,0,0.027,-0.025,0.31,-0.025,0,26.9,50.1
08-03-22,18:13:47,29.881729,77.881067,123,198,204,0,0.027,-0.024,0.31,-0.025,0,26.9,50
08-03-22,18:13:50,29.881729,77.881067,125,198,207,0,0.027,-0.024,0.3,-0.025,0,26.9,50.5
08-03-22,18:13:53,29.881729,77.881067,126,199,209,0,0.027,-0.024,0.3,-0.025,0,26.9,51
08-03-22,18:13:56,29.881729,77.881067,128,200,213,0,0.027,-0.024,0.3,-0.025,0,26.9,51.1
08-03-22,18:13:59,29.881503,77.881411,130,200,213,0,0.026,-0.024,0.3,-0.024,0,26.9,51
08-03-22,18:14:02,29.881503,77.881411,132,201,221,0,0.026,-0.024,0.3,-0.024,0,26.9,50.9
08-03-22,18:14:02,29.881503,77.881411,131,201,220,0,0.026,-0.024,0.29,-0.024,0,26.9,50.6
08-03-22,18:14:05,29.88129,77.881741,129,196,214,0,0.026,-0.024,0.29,-0.024,0,26.9,50.4
08-03-22,18:14:08,29.88129,77.881741,127,189,199,0,0.026,-0.024,0.29,-0.024,0,26.9,50.7
08-03-22,18:14:11,29.88129,77.881741,127,181,189,0,0.026,-0.024,0.29,-0.024,0,26.9,50.6
08-03-22,18:14:14,29.881004,77.882136,128,179,190,0,0.026,-0.024,0.29,-0.025,0,26.9,50.4
08-03-22,18:14:17,29.881004,77.882136,129,178,193,0,0.026,-0.024,0.29,-0.025,0,26.9,50.3
08-03-22,18:14:20,29.881004,77.882136,129,179,198,0,0.026,-0.024,0.29,-0.024,0,26.9,50.3
08-03-22,18:14:23,29.881004,77.882136,131,181,192,0,0.026,-0.024,0.29,-0.025,0,26.9,50.5
08-03-22,18:14:26,29.880788,77.882504,133,184,196,0,0.026,-0.024,0.29,-0.024,0,26.9,50.3
08-03-22,18:14:29,29.880788,77.882504,134,186,203,0,0.026,-0.024,0.29,-0.024,0,26.9,50.3
08-03-22,18:14:32,29.880788,77.882504,136,189,204,0,0.026,-0.024,0.29,-0.025,0,26.9,50.3
08-03-22,18:14:38,29.880546,77.882809,137,192,208,0,0.026,-0.024,0.29,-0.024,0,26.9,50.8
08-03-22,18:14:41,29.880546,77.882809,138,194,208,0,0.026,-0.024,0.29,-0.024,0,26.9,50.6
08-03-22,18:14:44,29.880546,77.882809,141,195,211,0,0.026,-0.024,0.3,-0.024,0,26.9,50.8
08-03-22,18:14:47,29.880273,77.883165,147,198,219,0,0.026,-0.024,0.3,-0.024,0,26.9,51
08-03-22,18:14:50,29.880273,77.883165,151,204,222,0,0.026,-0.024,0.3,-0.025,0,26.9,51.2
08-03-22,18:14:53,29.880273,77.883165,152,211,224,0,0.026,-0.024,0.3,-0.025,0,26.9,50.9
08-03-22,18:14:56,29.880273,77.883165,153,215,225,0,0.026,-0.024,0.3,-0.025,0,26.9,50.6
08-03-22,18:14:59,29.879987,77.883572,155,216,226,0,0.026,-0.024,0.3,-0.025,0,26.9,50.8
08-03-22,18:15:02,29.879987,77.883572,156,217,223,0,0.026,-0.024,0.29,-0.025,0,26.9,50.7
08-03-22,18:15:05,29.879987,77.883572,155,217,226,0,0.026,-0.024,0.29,-0.024,0,26.9,50.4
08-03-22,18:15:08,29.879774,77.883852,154,216,224,0,0.026,-0.024,0.29,-0.024,0,26.9,50.8
08-03-22,18:15:11,29.879774,77.883852,152,213,221,0,0.026,-0.024,0.29,-0.024,0,26.9,50.4
08-03-22,18:15:13,29.879774,77.883852,152,209,218,0,0.026,-0.024,0.29,-0.024,0,26.9,50.3
08-03-22,18:15:16,29.879774,77.883852,152,208,221,0,0.026,-0.024,0.29,-0.024,0,26.9,50.5
08-03-22,18:15:19,29.879542,77.884183,153,207,218,0,0.026,-0.024,0.29,-0.024,0,26.9,50.7
08-03-22,18:15:22,29.879542,77.884183,150,207,216,0,0.026,-0.024,0.29,-0.024,0,26.9,51
08-03-22,18:15:25,29.879542,77.884183,148,203,211,0,0.026,-0.024,0.29,-0.024,0,26.9,50.8
08-03-22,18:15:28,29.879281,77.88445,147,198,208,0,0.026,-0.024,0.29,-0.024,0,26.9,50.5
08-03-22,18:15:31,29.879281,77.88445,145,195,204,0,0.026,-0.024,0.29,-0.024,0,26.9,50.6
08-03-22,18:15:34,29.879281,77.88445,142,190,194,0,0.026,-0.024,0.29,-0.024,0,26.9,50.5
08-03-22,18:15:37,29.879195,77.884602,140,188,194,0,0.026,-0.024,0.29,-0.024,0,26.9,50.8
08-03-22,18:15:40,29.879195,77.884602,140,186,196,0,0.026,-0.024,0.29,-0.024,0,26.9,51.2
08-03-22,18:15:43,29.879195,77.884602,140,185,197,0,0.026,-0.024,0.29,-0.024,0,26.9,51.5
08-03-22,18:15:46,29.879195,77.884602,138,184,193,0,0.026,-0.024,0.29,-0.025,0,26.9,51.6
08-03-22,18:15:49,29.879052,77.88473,135,183,193,0,0.026,-0.024,0.29,-0.025,0,26.9,51.4
08-03-22,18:15:52,29.879052,77.88473,129,177,189,0,0.026,-0.024,0.29,-0.025,0,26.9,51.5
08-03-22,18:15:55,29.879052,77.88473,125,171,181,0,0.026,-0.024,0.29,-0.024,0,26.9,51.4
08-03-22,18:15:58,29.878922,77.88492,123,165,174,0,0.026,-0.024,0.29,-0.025,0,26.9,51.5
08-03-22,18:16:01,29.878922,77.88492,121,162,169,0,0.026,-0.024,0.29,-0.024,0,26.9,51.4
08-03-22,18:16:04,29.878922,77.88492,120,160,165,0,0.026,-0.023,0.29,-0.025,0,26.9,50.9
08-03-22,18:16:07,29.878779,77.885175,119,158,164,0,0.026,-0.024,0.29,-0.024,0,26.9,50.5
08-03-22,18:16:10,29.878779,77.885175,117,156,165,0,0.026,-0.024,0.29,-0.024,0,26.9,50.4
08-03-22,18:16:13,29.878779,77.885175,115,154,162,0,0.026,-0.024,0.29,-0.024,0,26.9,50.5
08-03-22,18:16:16,29.878779,77.885175,112,151,161,0,0.026,-0.024,0.29,-0.024,0,26.9,50.6
08-03-22,18:16:19,29.878604,77.885403,111,147,164,0,0.026,-0.024,0.29,-0.024,0,26.9,50.8
08-03-22,18:16:22,29.878604,77.885403,111,146,159,0,0.026,-0.024,0.29,-0.024,0,26.9,51.3
08-03-22,18:16:26,29.878604,77.885403,110,145,155,0,0.026,-0.024,0.3,-0.024,0,26.9,51.6
08-03-22,18:16:29,29.878445,77.88548,109,144,153,0,0.026,-0.024,0.3,-0.024,0,26.9,51.6
08-03-22,18:16:32,29.878445,77.88548,108,143,155,0,0.027,-0.024,0.3,-0.025,0,26.9,51.6
08-03-22,18:16:35,29.878445,77.88548,107,142,156,0,0.027,-0.024,0.3,-0.025,0,26.9,51.5
08-03-22,18:16:38,29.87833,77.88562,109,142,146,0,0.027,-0.025,0.3,-0.025,0,26.9,51.7
08-03-22,18:16:41,29.87833,77.88562,110,143,147,0,0.027,-0.025,0.3,-0.025,0,26.9,51.6
08-03-22,18:16:44,29.87833,77.88562,112,146,150,0,0.027,-0.025,0.3,-0.025,0,26.9,51.8
08-03-22,18:16:47,29.87833,77.88562,113,147,151,0,0.027,-0.025,0.3,-0.025,0,26.9,52.3
08-03-22,18:16:50,29.878245,77.885759,115,149,151,0,0.027,-0.025,0.31,-0.025,0,26.9,52.1
08-03-22,18:16:53,29.878245,77.885759,115,151,153,0,0.027,-0.025,0.3,-0.025,0,26.9,52
08-03-22,18:16:56,29.878245,77.885759,117,151,154,0,0.027,-0.025,0.3,-0.025,0,26.9,51.8
08-03-22,18:16:59,29.878197,77.885899,117,151,154,0,0.027,-0.025,0.3,-0.025,0,26.9,51.6
08-03-22,18:17:02,29.878197,77.885899,118,150,156,0,0.027,-0.025,0.3,-0.025,0,26.9,51.6
08-03-22,18:17:05,29.878197,77.885899,118,150,157,0,0.027,-0.025,0.29,-0.025,0,26.9,52.3
08-03-22,18:17:08,29.878197,77.885899,117,149,156,0,0.027,-0.024,0.3,-0.025,0,26.9,52.9
08-03-22,18:17:11,29.87819,77.885988,116,148,157,0,0.027,-0.024,0.3,-0.025,0,26.9,53.1
08-03-22,18:17:14,29.87819,77.885988,113,145,149,0,0.027,-0.024,0.3,-0.025,0,26.9,53
08-03-22,18:17:17,29.87819,77.885988,112,142,143,0,0.027,-0.024,0.29,-0.025,0,26.9,52
08-03-22,18:17:20,29.87819,77.885988,111,140,142,0,0.027,-0.024,0.29,-0.025,0,26.9,51.2
08-03-22,18:17:23,29.87819,77.885988,111,138,146,0,0.026,-0.024,0.29,-0.025,0,26.9,50.9
08-03-22,18:17:26,29.87819,77.885988,112,138,142,0,0.026,-0.024,0.29,-0.024,0,26.9,50.4
08-03-22,18:17:29,29.877927,77.886281,114,142,147,0,0.026,-0.024,0.29,-0.025,0,26.9,50.6
08-03-22,18:17:32,29.877927,77.886281,113,145,155,0,0.026,-0.024,0.29,-0.025,0,26.9,50.8
08-03-22,18:17:35,29.877927,77.886281,113,145,154,0,0.026,-0.024,0.29,-0.025,0,26.9,50.8
08-03-22,18:17:38,29.877927,77.886281,114,145,151,0,0.026,-0.024,0.29,-0.025,0,26.9,50.8
08-03-22,18:17:41,29.877688,77.886484,114,146,154,0,0.026,-0.024,0.29,-0.025,0,26.9,51.1
08-03-22,18:17:44,29.877688,77.886484,115,146,155,0,0.027,-0.024,0.29,-0.025,0,26.9,51.7
08-03-22,18:17:47,29.877688,77.886484,116,146,153,0,0.027,-0.024,0.3,-0.025,0,26.9,51.9
08-03-22,18:17:50,29.87765,77.886624,116,146,155,0,0.026,-0.024,0.3,-0.025,0,26.9,52.1
08-03-22,18:17:53,29.87765,77.886624,117,147,156,0,0.027,-0.024,0.3,-0.025,0,26.9,52.4
08-03-22,18:17:56,29.87765,77.886624,117,149,156,0,0.027,-0.024,0.3,-0.025,0,26.9,52.8
08-03-22,18:17:59,29.877691,77.886624,116,149,155,0,0.026,-0.024,0.3,-0.024,0,26.9,52.7
08-03-22,18:18:02,29.877691,77.886624,114,146,152,0,0.026,-0.024,0.3,-0.024,0,26.9,52.7
08-03-22,18:18:05,29.877691,77.886624,114,145,147,0,0.026,-0.024,0.3,-0.024,0,27,52.9
08-03-22,18:18:08,29.877691,77.886624,115,145,149,0,0.026,-0.024,0.3,-0.024,0,27,53.1
08-03-22,18:18:11,29.877669,77.886726,115,145,152,0,0.027,-0.024,0.3,-0.024,0,27,53.1
08-03-22,18:18:14,29.877669,77.886726,114,145,152,0,0.026,-0.024,0.3,-0.024,0,27,53.4
08-03-22,18:18:17,29.877669,77.886726,114,144,149,0,0.026,-0.024,0.3,-0.024,0,27,54.1
08-03-22,18:18:20,29.87766,77.886802,113,144,150,0,0.027,-0.024,0.3,-0.024,0,27,54.6
08-03-22,18:18:23,29.87766,77.886802,112,143,152,0,0.027,-0.024,0.3,-0.024,0,27,55
08-03-22,18:18:26,29.87766,77.886802,111,142,144,0,0.027,-0.024,0.3,-0.025,0,27,54.9
08-03-22,18:18:29,29.87766,77.886802,110,140,142,0,0.027,-0.024,0.3,-0.025,0,27,54.7
08-03-22,18:18:32,29.877637,77.886815,110,138,139,0,0.027,-0.024,0.3,-0.025,0,27,54
08-03-22,18:18:32,29.877637,77.886815,110,138,142,0,0.027,-0.024,0.3,-0.025,0,27,53.5
08-03-22,18:18:35,29.877637,77.886815,110,137,140,0,0.027,-0.025,0.3,-0.025,0,27,54.7
08-03-22,18:18:38,29.877523,77.886878,109,136,141,0,0.027,-0.025,0.31,-0.025,0,27,54.1
08-03-22,18:18:41,29.877523,77.886878,109,135,140,0,0.027,-0.024,0.3,-0.025,0,27,53.6
08-03-22,18:18:44,29.877523,77.886878,110,135,139,0,0.027,-0.024,0.3,-0.025,0,27,54.1
08-03-22,18:18:47,29.877497,77.887107,113,136,143,0,0.027,-0.025,0.31,-0.025,0,27,54.4
08-03-22,18:18:50,29.877497,77.887107,119,140,152,0,0.027,-0.025,0.31,-0.025,0,27,55.1
08-03-22,18:18:53,29.877497,77.887107,129,147,157,0,0.028,-0.025,0.31,-0.025,0,27,56.4
08-03-22,18:18:56,29.877497,77.887107,141,158,165,0,0.028,-0.025,0.31,-0.025,0,27,57.1
08-03-22,18:18:59,29.877501,77.887006,153,172,178,0,0.028,-0.025,0.31,-0.025,0,27.1,58.1
08-03-22,18:19:04,29.877501,77.887006,165,188,203,0,0.028,-0.025,0.31,-0.025,0,27.1,59
08-03-22,18:19:07,29.877501,77.887006,178,207,224,0,0.028,-0.025,0.31,-0.025,0,27.1,59
08-03-22,18:19:10,29.877494,77.886993,185,222,235,0,0.028,-0.025,0.31,-0.025,0,27.1,58.6
08-03-22,18:19:13,29.877494,77.886993,189,233,238,0,0.028,-0.026,0.31,-0.025,0,27.1,57.4
08-03-22,18:19:16,29.877494,77.886993,193,239,242,0,0.028,-0.026,0.31,-0.025,0,27.1,55.9
08-03-22,18:19:19,29.877625,77.887273,196,244,248,0,0.028,-0.026,0.31,-0.025,0,27.1,55.2
08-03-22,18:19:22,29.877625,77.887273,198,250,258,0,0.028,-0.026,0.31,-0.025,0,27.1,54.6
08-03-22,18:19:25,29.877625,77.887273,197,251,258,0,0.028,-0.026,0.31,-0.026,0,27.1,53.7
08-03-22,18:19:28,29.877625,77.887273,193,250,256,0,0.028,-0.026,0.31,-0.026,0,27.1,53.2
08-03-22,18:19:31,29.877625,77.887273,186,246,257,0,0.028,-0.026,0.31,-0.026,0,27.1,52.7
08-03-22,18:19:34,29.877625,77.887273,179,238,251,0,0.028,-0.026,0.31,-0.025,0,27.1,53
08-03-22,18:19:37,29.877625,77.887273,173,229,240,0,0.028,-0.025,0.31,-0.025,0,27.1,52.6
08-03-22,18:19:50,29.877768,77.887997,205,246,264,0,0.028,-0.025,0.31,-0.025,0,27.1,53.2
08-03-22,18:19:53,29.877768,77.887997,215,260,273,0,0.028,-0.025,0.32,-0.025,0,27.1,52.7
08-03-22,18:19:56,29.877768,77.887997,223,273,280,0,0.028,-0.026,0.32,-0.025,0,27.1,52.4
08-03-22,18:19:59,29.877278,77.887184,233,287,300,0,0.028,-0.026,0.32,-0.025,0,27.1,52.3
08-03-22,18:20:02,29.877278,77.887184,240,296,306,0,0.028,-0.026,0.32,-0.025,0,27.1,52.3
08-03-22,18:20:05,29.877278,77.887184,249,305,318,0,0.028,-0.026,0.32,-0.025,0,27.1,52.1
08-03-22,18:20:08,29.877192,77.887349,258,316,324,0,0.028,-0.026,0.32,-0.025,0,27.1,51.8
08-03-22,18:20:11,29.877192,77.887349,263,327,330,0,0.028,-0.026,0.31,-0.025,0,27.1,51.6
08-03-22,18:20:15,29.877192,77.887349,263,336,338,0,0.028,-0.026,0.31,-0.025,0,27.1,51.4
08-03-22,18:20:19,29.877192,77.887349,255,336,341,0,0.028,-0.026,0.31,-0.025,0,27.1,50.6
08-03-22,18:20:22,29.877087,77.88754,240,327,335,0,0.028,-0.026,0.31,-0.025,0,27.1,49.9
08-03-22,18:20:25,29.877087,77.88754,229,309,320,0,0.028,-0.026,0.31,-0.025,0,27.1,49.8
08-03-22,18:20:28,29.877087,77.88754,221,294,308,0,0.028,-0.026,0.31,-0.025,0,27.1,49.8
08-03-22,18:20:31,29.876887,77.887667,213,284,293,0,0.028,-0.026,0.31,-0.026,0,27.1,49.8
08-03-22,18:20:34,29.876887,77.887667,203,271,273,0,0.028,-0.026,0.31,-0.026,0,27.1,49.9
08-03-22,18:20:37,29.876887,77.887667,195,260,265,0,0.028,-0.026,0.31,-0.026,0,27.1,50.3
08-03-22,18:20:40,29.876696,77.887781,189,251,259,0,0.028,-0.026,0.31,-0.026,0,27.1,50.8
08-03-22,18:20:43,29.876696,77.887781,181,244,250,0,0.028,-0.027,0.31,-0.026,0,27.1,52.3
08-03-22,18:20:47,29.876696,77.887781,173,234,238,0,0.028,-0.027,0.31,-0.026,0,27.1,53.2
08-03-22,18:20:50,29.876696,77.887781,165,220,227,0,0.028,-0.027,0.31,-0.026,0,27.1,53.9
08-03-22,18:20:53,29.876731,77.88773,162,212,222,0,0.028,-0.027,0.31,-0.026,0,27.2,54.4
08-03-22,18:20:56,29.876731,77.88773,165,208,215,0,0.028,-0.026,0.31,-0.026,0,27.2,54.9
08-03-22,18:20:59,29.876731,77.88773,171,208,219,0,0.028,-0.026,0.31,-0.025,0,27.2,54.3
08-03-22,18:21:02,29.876719,77.887819,177,216,226,0,0.028,-0.026,0.32,-0.025,0,27.2,53.5
08-03-22,18:21:05,29.876719,77.887819,179,224,231,0,0.028,-0.026,0.32,-0.025,0,27.2,52.8
08-03-22,18:21:08,29.876719,77.887819,180,225,229,0,0.028,-0.027,0.32,-0.026,0,27.2,53.3
08-03-22,18:21:11,29.876709,77.888023,182,226,232,0,0.028,-0.027,0.32,-0.026,0,27.2,53.3
08-03-22,18:21:14,29.876709,77.888023,184,230,241,0,0.028,-0.027,0.32,-0.026,0,27.2,52.2
08-03-22,18:21:17,29.876709,77.888023,183,233,242,0,0.028,-0.027,0.32,-0.026,0,27.2,51.7
08-03-22,18:21:20,29.876709,77.888023,181,233,238,0,0.028,-0.026,0.32,-0.026,0,27.2,50.1
08-03-22,18:21:23,29.876512,77.88815,177,230,231,0,0.028,-0.027,0.32,-0.026,0,27.2,49.6
08-03-22,18:21:26,29.876512,77.88815,174,226,235,0,0.028,-0.027,0.32,-0.026,0,27.1,49.5
08-03-22,18:21:29,29.876512,77.88815,173,222,233,0,0.028,-0.027,0.32,-0.026,0,27.1,49.6
08-03-22,18:21:32,29.876172,77.888481,171,222,226,0,0.028,-0.026,0.32,-0.026,0,27.1,49.4
08-03-22,18:21:35,29.876172,77.888481,166,220,226,0,0.028,-0.026,0.31,-0.026,0,27.1,49.4
08-03-22,18:21:38,29.876172,77.888481,158,212,217,0,0.028,-0.026,0.31,-0.026,0,27.1,49.3
08-03-22,18:21:41,29.876172,77.888481,152,203,207,0,0.028,-0.026,0.31,-0.025,0,27.1,49.3
08-03-22,18:21:44,29.875937,77.88876,147,195,201,0,0.028,-0.026,0.31,-0.025,0,27.1,49.3
08-03-22,18:21:47,29.875937,77.88876,143,189,195,0,0.028,-0.026,0.31,-0.025,0,27.1,49.3
08-03-22,18:21:50,29.875937,77.88876,141,183,185,0,0.028,-0.026,0.31,-0.025,0,27.1,49.2
08-03-22,18:21:52,29.875809,77.888926,141,179,187,0,0.028,-0.026,0.31,-0.025,0,27.1,49.3
08-03-22,18:21:55,29.875809,77.888926,140,178,184,0,0.028,-0.026,0.31,-0.025,0,27.1,49.5
08-03-22,18:21:58,29.875809,77.888926,139,177,185,0,0.028,-0.026,0.31,-0.025,0,27.1,49.5
08-03-22,18:22:01,29.875867,77.889256,138,176,186,0,0.028,-0.026,0.31,-0.025,0,27.1,49.5
08-03-22,18:22:04,29.875867,77.889256,134,174,182,0,0.028,-0.026,0.31,-0.025,0,27.1,49.3
08-03-22,18:22:07,29.875867,77.889256,132,168,171,0,0.028,-0.026,0.31,-0.025,0,27.1,49.5
08-03-22,18:22:10,29.875867,77.889256,131,164,166,0,0.028,-0.026,0.31,-0.025,0,27.1,50
08-03-22,18:22:13,29.876111,77.889574,132,163,170,0,0.028,-0.026,0.31,-0.025,0,27.1,50
08-03-22,18:22:16,29.876111,77.889574,132,163,174,0,0.028,-0.026,0.31,-0.025,0,27.1,49.8
08-03-22,18:22:19,29.876111,77.889574,134,163,174,0,0.028,-0.025,0.31,-0.025,0,27.1,49.5
08-03-22,18:22:22,29.87634,77.889803,141,165,172,0,0.027,-0.025,0.31,-0.025,0,27.1,49.5
08-03-22,18:22:26,29.87634,77.889803,146,174,181,0,0.027,-0.025,0.31,-0.025,0,27,49.4
08-03-22,18:22:29,29.87634,77.889803,147,181,186,0,0.027,-0.025,0.31,-0.025,0,27,49.4
08-03-22,18:22:32,29.876677,77.890172,147,182,186,0,0.027,-0.025,0.31,-0.025,0,27,49.4
08-03-22,18:22:35,29.876677,77.890172,147,183,190,0,0.027,-0.025,0.31,-0.025,0,27,49.3
08-03-22,18:22:38,29.876677,77.890172,147,183,190,0,0.027,-0.025,0.31,-0.025,0,27,49.3
08-03-22,18:22:41,29.876677,77.890172,146,184,187,0,0.027,-0.025,0.31,-0.025,0,27,49.2
08-03-22,18:22:44,29.877087,77.890668,143,181,185,0,0.027,-0.025,0.31,-0.025,0,27,49.1
08-03-22,18:22:47,29.877087,77.890668,142,178,185,0,0.027,-0.024,0.31,-0.025,0,26.9,48.9
08-03-22,18:22:50,29.877087,77.890668,142,178,185,0,0.027,-0.024,0.31,-0.025,0,26.9,49
08-03-22,18:22:53,29.87765,77.891164,144,178,184,0,0.027,-0.024,0.31,-0.025,0,26.9,49
08-03-22,18:22:56,29.87765,77.891164,144,180,194,0,0.027,-0.024,0.3,-0.025,0,26.9,49.2
08-03-22,18:22:59,29.87765,77.891164,138,180,191,0,0.027,-0.024,0.29,-0.025,0,26.8,49.1
08-03-22,18:23:01,29.87765,77.891164,132,174,179,0,0.027,-0.024,0.29,-0.025,0,26.8,49.1
08-03-22,18:23:04,29.878184,77.891634,129,166,172,0,0.027,-0.024,0.29,-0.025,0,26.8,49.3
08-03-22,18:23:07,29.878184,77.891634,126,163,168,0,0.026,-0.024,0.29,-0.025,0,26.7,49.6
08-03-22,18:23:10,29.878184,77.891634,125,160,163,0,0.026,-0.024,0.29,-0.024,0,26.7,49.8
08-03-22,18:23:13,29.878702,77.892194,126,159,160,0,0.026,-0.024,0.29,-0.024,0,26.7,50
08-03-22,18:23:16,29.878702,77.892194,125,159,163,0,0.026,-0.024,0.29,-0.024,0,26.6,50
08-03-22,18:23:19,29.878702,77.892194,125,160,164,0,0.026,-0.024,0.29,-0.024,0,26.6,50.1
08-03-22,18:23:22,29.879195,77.892728,124,160,165,0,0.026,-0.024,0.28,-0.024,0,26.6,50.1
08-03-22,18:23:25,29.879195,77.892728,121,158,167,0,0.026,-0.024,0.29,-0.024,0,26.6,50.3
08-03-22,18:23:28,29.879195,77.892728,119,155,161,0,0.026,-0.024,0.29,-0.024,0,26.6,50.3
08-03-22,18:23:31,29.879195,77.892728,114,150,154,0,0.026,-0.024,0.29,-0.024,0,26.6,50.4
08-03-22,18:23:34,29.879246,77.893198,110,144,151,0,0.026,-0.024,0.29,-0.024,0,26.6,50.6
08-03-22,18:23:37,29.879246,77.893198,110,140,148,0,0.026,-0.024,0.29,-0.024,0,26.6,50.3
08-03-22,18:23:40,29.879246,77.893198,111,140,151,0,0.026,-0.024,0.29,-0.024,0,26.6,50.3
08-03-22,18:23:43,29.87903,77.893567,113,142,154,0,0.026,-0.024,0.29,-0.024,0,26.6,50.7
08-03-22,18:23:46,29.87903,77.893567,113,145,151,0,0.026,-0.024,0.29,-0.024,0,26.6,50.9
08-03-22,18:23:49,29.87903,77.893567,112,145,155,0,0.026,-0.024,0.29,-0.024,0,26.6,50.9
08-03-22,18:23:52,29.878763,77.893618,112,145,154,0,0.026,-0.024,0.29,-0.024,0,26.6,50.9
08-03-22,18:23:55,29.878763,77.893618,112,144,149,0,0.026,-0.024,0.29,-0.024,0,26.5,50.7
08-03-22,18:23:58,29.878763,77.893618,110,144,150,0,0.026,-0.024,0.29,-0.024,0,26.5,50.3
08-03-22,18:24:01,29.878763,77.893618,109,143,149,0,0.026,-0.024,0.29,-0.024,0,26.5,50.1
08-03-22,18:24:04,29.878353,77.893745,108,142,146,0,0.026,-0.024,0.29,-0.024,0,26.5,50.3
08-03-22,18:24:07,29.878353,77.893745,107,141,145,0,0.026,-0.024,0.29,-0.024,0,26.5,50.4
08-03-22,18:24:10,29.878353,77.893745,107,140,142,0,0.026,-0.024,0.29,-0.024,0,26.5,50.5
08-03-22,18:24:14,29.878359,77.894114,108,139,142,0,0.026,-0.024,0.29,-0.024,0,26.5,50.7
08-03-22,18:24:17,29.878359,77.894114,109,139,142,0,0.026,-0.024,0.29,-0.024,0,26.4,50.6
08-03-22,18:24:20,29.878359,77.894114,108,139,143,0,0.026,-0.023,0.28,-0.024,0,26.4,50.5
08-03-22,18:24:23,29.878359,77.894114,108,138,147,0,0.026,-0.023,0.28,-0.023,0,26.4,50.7
08-03-22,18:24:26,29.878597,77.894508,109,137,142,0,0.026,-0.023,0.28,-0.023,0,26.4,50.8
08-03-22,18:24:29,29.878597,77.894508,109,137,139,0,0.026,-0.023,0.28,-0.023,0,26.3,50.9
08-03-22,18:24:32,29.878597,77.894508,109,136,142,0,0.026,-0.023,0.28,-0.024,0,26.3,51.2
08-03-22,18:24:35,29.87881,77.895258,109,136,143,0,0.026,-0.023,0.28,-0.024,0,26.3,51.1
08-03-22,18:24:38,29.87881,77.895258,110,136,143,0,0.026,-0.023,0.28,-0.024,0,26.3,51.3
08-03-22,18:24:41,29.87881,77.895258,112,137,144,0,0.025,-0.023,0.28,-0.023,0,26.3,51.3
08-03-22,18:24:44,29.879112,77.896008,113,139,145,0,0.026,-0.023,0.28,-0.024,0,26.3,51.5
08-03-22,18:24:47,29.879112,77.896008,113,140,147,0,0.026,-0.023,0.28,-0.024,0,26.2,51.5
08-03-22,18:24:50,29.879112,77.896008,113,141,146,0,0.026,-0.023,0.28,-0.023,0,26.2,51.4
08-03-22,18:24:53,29.879112,77.896008,112,141,147,0,0.026,-0.023,0.28,-0.024,0,26.2,51.2
08-03-22,18:24:56,29.879414,77.896695,111,141,147,0,0.026,-0.023,0.28,-0.024,0,26.2,51.3
08-03-22,18:24:59,29.879414,77.896695,110,140,141,0,0.026,-0.023,0.28,-0.024,0,26.2,51.3
08-03-22,18:25:02,29.879414,77.896695,108,138,141,0,0.026,-0.023,0.28,-0.024,0,26.2,51.6
08-03-22,18:25:05,29.879977,77.897013,106,136,143,0,0.026,-0.023,0.28,-0.024,0,26.1,52
08-03-22,18:25:08,29.879977,77.897013,104,133,138,0,0.026,-0.023,0.28,-0.024,0,26.1,52.3
08-03-22,18:25:11,29.879977,77.897013,102,131,133,0,0.026,-0.024,0.28,-0.024,0,26.1,52
08-03-22,18:25:14,29.880505,77.897267,100,129,132,0,0.026,-0.023,0.28,-0.024,0,26.1,51.6
08-03-22,18:25:17,29.880505,77.897267,96,126,128,0,0.026,-0.023,0.28,-0.024,0,26.1,51.4
08-03-22,18:25:20,29.880505,77.897267,94,122,124,0,0.026,-0.023,0.28,-0.024,0,26.1,51.2
08-03-22,18:25:23,29.880505,77.897267,92,119,122,0,0.026,-0.023,0.28,-0.023,0,26.1,51.3
08-03-22,18:25:26,29.880896,77.897649,90,116,125,0,0.025,-0.023,0.28,-0.024,0,26,51.3
08-03-22,18:25:29,29.880896,77.897649,89,113,122,0,0.025,-0.023,0.27,-0.024,0,26,51.4
08-03-22,18:25:32,29.880896,77.897649,88,113,119,0,0.025,-0.023,0.27,-0.023,0,26,51.5
08-03-22,18:25:35,29.881341,77.898068,88,111,115,0,0.025,-0.023,0.27,-0.023,0,26,51.8
08-03-22,18:25:38,29.881341,77.898068,88,111,114,0,0.025,-0.023,0.27,-0.023,0,26,52.2
08-03-22,18:25:41,29.881341,77.898068,88,112,113,0,0.025,-0.023,0.27,-0.023,0,26,52.3
08-03-22,18:25:44,29.881748,77.898513,88,111,111,0,0.026,-0.023,0.28,-0.023,0,26,52.3
08-03-22,18:25:47,29.881748,77.898513,86,110,112,0,0.026,-0.023,0.28,-0.023,0,26,52.2
08-03-22,18:25:50,29.881748,77.898513,85,107,110,0,0.026,-0.023,0.28,-0.023,0,26,52.2
08-03-22,18:25:53,29.881748,77.898513,84,106,109,0,0.026,-0.023,0.27,-0.023,0,26,52.6
08-03-22,18:25:56,29.882034,77.898984,83,105,108,0,0.026,-0.023,0.28,-0.023,0,26,53.1
08-03-22,18:25:59,29.882034,77.898984,81,104,106,0,0.026,-0.023,0.28,-0.023,0,26,53.7
08-03-22,18:26:02,29.882034,77.898984,80,102,107,0,0.026,-0.023,0.28,-0.023,0,25.9,53.5
08-03-22,18:26:05,29.882403,77.899569,78,101,108,0,0.026,-0.023,0.28,-0.023,0,25.9,53.2
08-03-22,18:26:08,29.882403,77.899569,76,98,103,0,0.026,-0.023,0.28,-0.023,0,25.9,53.2
08-03-22,18:26:11,29.882403,77.899569,73,96,100,0,0.026,-0.023,0.28,-0.023,0,25.9,53.1
08-03-22,18:26:14,29.882403,77.899569,70,93,97,0,0.025,-0.023,0.28,-0.023,0,25.9,53.1
08-03-22,18:26:17,29.882657,77.899912,69,90,95,0,0.025,-0.023,0.28,-0.024,0,25.9,53.1
08-03-22,18:26:20,29.882657,77.899912,69,89,93,0,0.025,-0.023,0.28,-0.024,0,25.9,53.2
08-03-22,18:26:23,29.882657,77.899912,69,89,90,0,0.025,-0.023,0.28,-0.024,0,25.9,53.2
08-03-22,18:26:26,29.882476,77.899823,69,89,92,0,0.025,-0.023,0.28,-0.024,0,25.9,53.3
08-03-22,18:26:29,29.882476,77.899823,69,89,93,0,0.026,-0.023,0.28,-0.024,0,25.9,53.4
08-03-22,18:26:32,29.882476,77.899823,69,89,95,0,0.026,-0.023,0.28,-0.023,0,25.8,53.4
08-03-22,18:26:35,29.88204,77.899607,69,90,94,0,0.026,-0.023,0.28,-0.023,0,25.8,53.3
08-03-22,18:26:38,29.88204,77.899607,70,90,91,0,0.026,-0.023,0.28,-0.023,0,25.8,53.3
08-03-22,18:26:41,29.88204,77.899607,70,91,97,0,0.026,-0.023,0.28,-0.023,0,25.8,53.4
08-03-22,18:26:44,29.88204,77.899607,71,92,99,0,0.026,-0.023,0.28,-0.023,0,25.8,53.4
08-03-22,18:26:47,29.88204,77.899607,71,92,96,0,0.026,-0.023,0.28,-0.023,0,25.8,53.3
08-03-22,18:26:50,29.88204,77.899607,71,92,97,0,0.026,-0.023,0.28,-0.023,0,25.8,53.2
08-03-22,18:26:53,29.88204,77.899607,71,92,93,0,0.026,-0.023,0.27,-0.023,0,25.8,53.2
08-03-22,18:26:56,29.881528,77.900535,71,92,97,0,0.026,-0.023,0.27,-0.023,0,25.8,53.2
08-03-22,18:26:59,29.881528,77.900535,72,93,99,0,0.025,-0.023,0.27,-0.023,0,25.8,53.1
08-03-22,18:27:02,29.881528,77.900535,74,94,98,0,0.025,-0.023,0.27,-0.023,0,25.8,53.1
08-03-22,18:27:05,29.88108,77.901107,75,96,98,0,0.025,-0.023,0.28,-0.024,0,25.8,53.1
08-03-22,18:27:08,29.88108,77.901107,75,97,100,0,0.025,-0.023,0.27,-0.023,0,25.8,53.5
08-03-22,18:27:11,29.88108,77.901107,74,97,99,0,0.025,-0.023,0.27,-0.023,0,25.8,54
08-03-22,18:27:14,29.88108,77.901107,73,96,97,0,0.025,-0.023,0.27,-0.023,0,25.8,53.7
08-03-22,18:27:17,29.880705,77.901616,73,95,100,0,0.025,-0.023,0.27,-0.023,0,25.8,53.7
08-03-22,18:27:20,29.880705,77.901616,73,94,102,0,0.025,-0.023,0.27,-0.023,0,25.8,53.6
08-03-22,18:27:23,29.880705,77.901616,73,94,97,0,0.025,-0.023,0.27,-0.023,0,25.8,53.8
08-03-22,18:27:25,29.88074,77.902277,74,95,98,0,0.025,-0.023,0.27,-0.023,0,25.8,53.8
08-03-22,18:27:28,29.88074,77.902277,76,95,100,0,0.025,-0.023,0.27,-0.023,0,25.8,53.9
08-03-22,18:27:31,29.88074,77.902277,80,97,105,0,0.025,-0.023,0.27,-0.023,0,25.9,54.6
08-03-22,18:27:34,29.88074,77.902277,83,103,110,0,0.025,-0.023,0.26,-0.023,0,25.9,54.5
08-03-22,18:27:37,29.880829,77.903002,85,108,116,0,0.025,-0.023,0.26,-0.023,0,25.8,54
08-03-22,18:27:40,29.880829,77.903002,88,111,116,0,0.025,-0.023,0.27,-0.023,0,25.7,53.8
08-03-22,18:27:43,29.880829,77.903002,90,115,117,0,0.026,-0.023,0.26,-0.023,0,25.8,54.1
08-03-22,18:27:46,29.881106,77.90379,91,118,120,0,0.026,-0.023,0.26,-0.023,0,25.7,54.6
08-03-22,18:27:49,29.881106,77.90379,90,119,121,0,0.025,-0.023,0.26,-0.023,0,25.7,54.7
08-03-22,18:27:52,29.881106,77.90379,90,119,121,0,0.025,-0.023,0.26,-0.023,0,25.6,55
08-03-22,18:27:55,29.881436,77.904642,90,118,123,0,0.026,-0.023,0.26,-0.023,0,25.6,55.2
08-03-22,18:27:58,29.881436,77.904642,90,118,123,0,0.025,-0.023,0.27,-0.023,0,25.5,55.3
08-03-22,18:28:01,29.881436,77.904642,90,117,120,0,0.026,-0.023,0.27,-0.023,0,25.5,55.2
08-03-22,18:28:06,29.881436,77.904642,90,117,118,0,0.025,-0.023,0.27,-0.023,0,25.5,54.9
08-03-22,18:28:09,29.881544,77.905545,86,116,121,0,0.025,-0.023,0.27,-0.023,0,25.5,54.5
08-03-22,18:28:12,29.881544,77.905545,82,110,118,0,0.025,-0.023,0.27,-0.023,0,25.5,54.6
08-03-22,18:28:15,29.881544,77.905545,78,104,107,0,0.025,-0.023,0.27,-0.023,0,25.5,54.5
08-03-22,18:28:18,29.881624,77.906537,74,98,101,0,0.025,-0.023,0.27,-0.023,0,25.5,54.4
08-03-22,18:28:21,29.881624,77.906537,71,93,98,0,0.026,-0.023,0.27,-0.023,0,25.5,54.2
08-03-22,18:28:24,29.881624,77.906537,71,90,96,0,0.026,-0.023,0.27,-0.023,0,25.5,54.1
08-03-22,18:28:39,29.881471,77.908075,70,93,98,0,0.026,-0.023,0.27,-0.024,0,25.6,54.3
08-03-22,18:28:42,29.881471,77.908075,67,93,94,0,0.026,-0.023,0.27,-0.024,0,25.6,54.2
08-03-22,18:28:45,29.881471,77.908075,65,90,92,0,0.026,-0.023,0.27,-0.024,0,25.6,53.9
08-03-22,18:28:48,29.881109,77.908889,66,89,97,0,0.026,-0.024,0.28,-0.023,0,25.6,53.6
08-03-22,18:28:51,29.881109,77.908889,65,89,94,0,0.026,-0.024,0.28,-0.023,0,25.6,53.4
08-03-22,18:28:54,29.881109,77.908889,64,88,89,0,0.026,-0.023,0.27,-0.023,0,25.6,53.5
08-03-22,18:28:57,29.880527,77.909716,64,87,89,0,0.026,-0.023,0.27,-0.023,0,25.6,53.5
08-03-22,18:29:00,29.880527,77.909716,65,86,93,0,0.026,-0.023,0.27,-0.023,0,25.6,53.7
08-03-22,18:29:03,29.880527,77.909716,65,86,91,0,0.026,-0.023,0.27,-0.023,0,25.6,53.6
08-03-22,18:29:06,29.880527,77.909716,65,86,89,0,0.026,-0.023,0.27,-0.023,0,25.6,54
08-03-22,18:29:09,29.880527,77.909716,66,86,88,0,0.026,-0.023,0.27,-0.023,0,25.6,53.9
08-03-22,18:29:12,29.880527,77.909716,66,86,88,0,0.025,-0.023,0.27,-0.023,0,25.6,53.8
08-03-22,18:29:15,29.880527,77.909716,65,86,91,0,0.025,-0.023,0.27,-0.023,0,25.7,53.7
08-03-22,18:30:17,29.879774,77.912259,56,70,75,0,0.025,-0.023,0.26,-0.023,0,25.9,52.8
08-03-22,18:30:20,29.879774,77.912259,57,69,72,0,0.025,-0.023,0.26,-0.023,0,25.9,52.6
08-03-22,18:30:23,29.879774,77.912259,57,69,69,0,0.025,-0.023,0.26,-0.022,0,25.9,52.5
08-03-22,18:30:26,29.879774,77.912259,58,69,69,0,0.025,-0.023,0.26,-0.022,0,25.9,52.4
08-03-22,18:30:29,29.880053,77.914026,59,70,72,0,0.025,-0.023,0.26,-0.022,0,25.9,52.6
08-03-22,18:30:32,29.880053,77.914026,60,71,74,0,0.025,-0.023,0.26,-0.022,0,25.9,52.9
08-03-22,18:30:35,29.880053,77.914026,62,72,75,0,0.025,-0.023,0.26,-0.023,0,25.8,52.7
08-03-22,18:30:47,29.881144,77.917498,67,78,84,0,0.025,-0.023,0.25,-0.023,0,25.8,53.1
08-03-22,18:30:50,29.881144,77.917498,68,81,83,0,0.025,-0.023,0.25,-0.023,0,25.8,52.9
08-03-22,18:30:52,29.881144,77.917498,69,83,86,0,0.025,-0.023,0.25,-0.023,0,25.7,53.1
08-03-22,18:30:55,29.881144,77.917498,68,85,85,0,0.025,-0.023,0.25,-0.023,0,25.7,53.2
08-03-22,18:30:58,29.881144,77.917498,68,85,89,0,0.025,-0.023,0.25,-0.023,0,25.7,53.3
08-03-22,18:31:01,29.881144,77.917498,69,85,88,0,0.025,-0.023,0.25,-0.023,0,25.6,53.3
08-03-22,18:31:04,29.881144,77.917498,69,86,88,0,0.025,-0.023,0.24,-0.022,0,25.7,53.4
08-03-22,18:31:19,29.881331,77.920422,88,103,110,0,0.025,-0.023,0.25,-0.022,0,25.7,53.3
08-03-22,18:31:22,29.881331,77.920422,92,111,116,0,0.025,-0.023,0.24,-0.022,0,25.7,53.5
08-03-22,18:31:25,29.881331,77.920422,95,115,122,0,0.025,-0.023,0.24,-0.022,0,25.7,53.2
08-03-22,18:31:28,29.881385,77.92163,99,120,122,0,0.025,-0.023,0.24,-0.022,0,25.8,53.3
08-03-22,18:31:31,29.881385,77.92163,103,124,128,0,0.025,-0.023,0.25,-0.022,0,25.7,53
08-03-22,18:31:34,29.881385,77.92163,107,128,133,0,0.025,-0.023,0.25,-0.022,0,25.7,53.1
08-03-22,18:31:49,29.881535,77.924631,112,147,151,0,0.025,-0.023,0.25,-0.022,0,25.6,54.1
08-03-22,18:31:52,29.881535,77.924631,105,143,146,0,0.025,-0.023,0.26,-0.022,0,25.6,54.1
08-03-22,18:31:55,29.881535,77.924631,99,135,135,0,0.025,-0.023,0.26,-0.022,0,25.6,54.1
08-03-22,18:31:58,29.881694,77.925025,94,126,131,0,0.025,-0.023,0.26,-0.023,0,25.6,54.2
08-03-22,18:32:01,29.881694,77.925025,91,121,124,0,0.025,-0.023,0.26,-0.023,0,25.6,54.2
08-03-22,18:32:05,29.881694,77.925025,88,117,119,0,0.025,-0.023,0.26,-0.023,0,25.6,54.4
08-03-22,18:32:08,29.8817,77.924936,85,113,115,0,0.025,-0.023,0.26,-0.023,0,25.6,54.4
08-03-22,18:32:11,29.8817,77.924936,80,109,112,0,0.025,-0.023,0.26,-0.023,0,25.6,54.5
08-03-22,18:32:14,29.8817,77.924936,77,104,106,0,0.025,-0.023,0.26,-0.023,0,25.6,54.5
08-03-22,18:32:17,29.8817,77.924936,74,97,100,0,0.025,-0.023,0.26,-0.023,0,25.5,54.7
08-03-22,18:32:20,29.881525,77.924758,73,93,97,0,0.025,-0.023,0.26,-0.023,0,25.5,54.9
08-03-22,18:32:23,29.881525,77.924758,73,92,96,0,0.025,-0.023,0.26,-0.023,0,25.5,54.8
08-03-22,18:32:26,29.881525,77.924758,73,91,94,0,0.025,-0.023,0.26,-0.023,0,25.5,54.9
08-03-22,18:32:29,29.881411,77.924135,73,91,97,0,0.025,-0.023,0.26,-0.023,0,25.5,54.5
08-03-22,18:32:32,29.881411,77.924135,75,92,97,0,0.026,-0.023,0.27,-0.023,0,25.5,54.3
08-03-22,18:32:35,29.881411,77.924135,76,93,99,0,0.026,-0.023,0.27,-0.023,0,25.5,54.2
08-03-22,18:32:38,29.881411,77.924135,78,95,101,0,0.026,-0.023,0.27,-0.023,0,25.5,53.9
08-03-22,18:32:41,29.88115,77.923487,81,99,110,0,0.026,-0.023,0.27,-0.023,0,25.5,53.8
08-03-22,18:32:44,29.88115,77.923487,85,104,111,0,0.026,-0.023,0.28,-0.023,0,25.5,53.7
08-03-22,18:32:47,29.88115,77.923487,90,109,109,0,0.026,-0.023,0.27,-0.023,0,25.5,53.6
08-03-22,18:32:50,29.880982,77.92266,95,117,120,0,0.026,-0.023,0.27,-0.023,0,25.6,53.5
08-03-22,18:32:53,29.880982,77.92266,97,122,132,0,0.026,-0.023,0.27,-0.023,0,25.6,53.5
08-03-22,18:32:56,29.880982,77.92266,101,126,133,0,0.026,-0.023,0.27,-0.023,0,25.6,53.4
08-03-22,18:32:59,29.88073,77.922037,106,131,137,0,0.025,-0.023,0.26,-0.023,0,25.6,53.6
08-03-22,18:33:02,29.88073,77.922037,110,137,148,0,0.025,-0.023,0.26,-0.023,0,25.6,53.7
08-03-22,18:33:05,29.88073,77.922037,115,144,151,0,0.025,-0.023,0.26,-0.023,0,25.6,53.8
08-03-22,18:33:08,29.88073,77.922037,118,149,153,0,0.025,-0.023,0.27,-0.023,0,25.6,53.7
08-03-22,18:33:11,29.880428,77.921363,118,153,155,0,0.025,-0.023,0.26,-0.023,0,25.6,53.8
08-03-22,18:33:14,29.880428,77.921363,116,154,157,0,0.025,-0.023,0.26,-0.023,0,25.6,53.8
08-03-22,18:33:17,29.880428,77.921363,112,150,155,0,0.025,-0.023,0.26,-0.023,0,25.6,53.6
08-03-22,18:33:20,29.880196,77.920511,106,143,145,0,0.025,-0.023,0.26,-0.023,0,25.6,53.7
08-03-22,18:33:23,29.880196,77.920511,101,137,139,0,0.025,-0.023,0.26,-0.023,0,25.6,53.6
08-03-22,18:33:26,29.880196,77.920511,97,130,134,0,0.025,-0.023,0.26,-0.023,0,25.6,53.6
08-03-22,18:33:29,29.879958,77.919736,94,125,128,0,0.025,-0.023,0.26,-0.023,0,25.5,53.7
08-03-22,18:33:32,29.879958,77.919736,89,120,123,0,0.025,-0.023,0.26,-0.023,0,25.5,53.7
08-03-22,18:33:35,29.879958,77.919736,85,115,119,0,0.025,-0.023,0.26,-0.023,0,25.5,53.6
08-03-22,18:33:38,29.879958,77.919736,82,109,112,0,0.025,-0.023,0.26,-0.023,0,25.5,53.9
08-03-22,18:33:41,29.879869,77.918668,78,106,110,0,0.025,-0.023,0.26,-0.023,0,25.6,54
08-03-22,18:33:44,29.879869,77.918668,75,101,106,0,0.025,-0.023,0.26,-0.023,0,25.5,53.5
08-03-22,18:33:47,29.879869,77.918668,73,96,99,0,0.025,-0.023,0.26,-0.023,0,25.6,53.5
08-03-22,18:33:50,29.879793,77.917752,73,93,97,0,0.025,-0.023,0.26,-0.023,0,25.6,53.6
08-03-22,18:33:53,29.879793,77.917752,74,93,98,0,0.025,-0.023,0.26,-0.023,0,25.6,53.7
08-03-22,18:33:56,29.879793,77.917752,75,94,102,0,0.025,-0.023,0.26,-0.023,0,25.6,53.6
08-03-22,18:33:59,29.87971,77.917027,77,96,98,0,0.025,-0.023,0.26,-0.023,0,25.6,53.6
08-03-22,18:34:02,29.87971,77.917027,78,98,101,0,0.025,-0.023,0.26,-0.023,0,25.6,53.5
08-03-22,18:34:05,29.87971,77.917027,78,99,102,0,0.025,-0.023,0.26,-0.023,0,25.6,53.4
08-03-22,18:34:08,29.87971,77.917027,78,99,101,0,0.025,-0.023,0.26,-0.022,0,25.6,53.3
08-03-22,18:34:11,29.879535,77.916315,77,99,102,0,0.025,-0.023,0.26,-0.022,0,25.5,53.3
08-03-22,18:34:14,29.879535,77.916315,75,96,98,0,0.025,-0.023,0.26,-0.023,0,25.6,53.4
08-03-22,18:34:17,29.879535,77.916315,73,93,94,0,0.025,-0.023,0.26,-0.023,0,25.6,53.6
08-03-22,18:34:20,29.879437,77.915438,72,91,93,0,0.025,-0.023,0.26,-0.023,0,25.5,53.6
08-03-22,18:34:23,29.879437,77.915438,72,90,91,0,0.025,-0.023,0.26,-0.023,0,25.5,53.3
08-03-22,18:34:26,29.879437,77.915438,72,89,92,0,0.025,-0.023,0.26,-0.023,0,25.5,53.3
08-03-22,18:34:29,29.879437,77.915438,72,89,94,0,0.025,-0.023,0.26,-0.023,0,25.5,53.3
08-03-22,18:34:32,29.87943,77.9147,72,89,93,0,0.025,-0.023,0.26,-0.023,0,25.5,53.4
08-03-22,18:34:35,29.87943,77.9147,72,89,96,0,0.025,-0.023,0.26,-0.023,0,25.5,53.5
08-03-22,18:34:38,29.87943,77.9147,72,90,99,0,0.025,-0.023,0.26,-0.023,0,25.5,53.6
08-03-22,18:34:41,29.87958,77.913759,72,91,97,0,0.025,-0.023,0.26,-0.023,0,25.5,53.6
08-03-22,18:34:44,29.87958,77.913759,72,91,94,0,0.025,-0.023,0.26,-0.023,0,25.5,53.7
08-03-22,18:34:47,29.87958,77.913759,73,91,93,0,0.025,-0.023,0.26,-0.023,0,25.5,53.9
08-03-22,18:34:49,29.879751,77.912831,76,93,94,0,0.025,-0.023,0.25,-0.023,0,25.5,53.9
08-03-22,18:34:52,29.879751,77.912831,78,96,98,0,0.025,-0.023,0.25,-0.022,0,25.5,53.9
08-03-22,18:34:55,29.879751,77.912831,81,98,98,0,0.025,-0.023,0.25,-0.022,0,25.5,53.9
08-03-22,18:34:58,29.879751,77.912831,83,102,103,0,0.025,-0.023,0.25,-0.022,0,25.5,53.9
08-03-22,18:35:01,29.880174,77.91189,83,104,109,0,0.025,-0.023,0.25,-0.022,0,25.5,53.8
08-03-22,18:35:04,29.880174,77.91189,84,105,111,0,0.025,-0.023,0.25,-0.022,0,25.4,53.7
08-03-22,18:35:07,29.880174,77.91189,85,106,112,0,0.025,-0.023,0.25,-0.022,0,25.5,53.9
08-03-22,18:35:10,29.880479,77.911102,86,107,112,0,0.025,-0.023,0.25,-0.022,0,25.5,53.8
08-03-22,18:35:13,29.880479,77.911102,87,108,113,0,0.024,-0.023,0.25,-0.022,0,25.4,53.7
08-03-22,18:35:16,29.880479,77.911102,87,108,113,0,0.024,-0.023,0.24,-0.022,0,25.5,53.5
08-03-22,18:35:19,29.880622,77.910326,86,108,113,0,0.024,-0.023,0.25,-0.022,0,25.5,53.5
08-03-22,18:35:22,29.880622,77.910326,85,107,110,0,0.024,-0.023,0.24,-0.022,0,25.5,53.4
08-03-22,18:35:25,29.880622,77.910326,83,105,108,0,0.024,-0.023,0.24,-0.021,0,25.5,53.6
08-03-22,18:35:28,29.880622,77.910326,81,103,105,0,0.024,-0.023,0.24,-0.021,0,25.5,53.7
08-03-22,18:35:31,29.880972,77.909245,79,100,101,0,0.024,-0.022,0.23,-0.021,0,25.5,53.8
08-03-22,18:35:34,29.880972,77.909245,78,98,103,0,0.025,-0.022,0.23,-0.022,0,25.5,53.7
08-03-22,18:35:37,29.880972,77.909245,78,97,101,0,0.025,-0.022,0.23,-0.022,0,25.4,53.6
08-03-22,18:35:40,29.881347,77.908126,77,96,98,0,0.025,-0.022,0.23,-0.021,0,25.4,53.6
08-03-22,18:35:43,29.881347,77.908126,75,95,97,0,0.025,-0.023,0.23,-0.022,0,25.4,53.8
08-03-22,18:35:46,29.881347,77.908126,73,92,98,0,0.025,-0.023,0.24,-0.022,0,25.4,53.7
08-03-22,18:35:49,29.88157,77.907363,73,91,95,0,0.025,-0.023,0.24,-0.022,0,25.4,53.6
08-03-22,18:35:53,29.88157,77.907363,73,91,91,0,0.025,-0.023,0.24,-0.022,0,25.4,53.8
08-03-22,18:35:56,29.88157,77.907363,73,91,91,0,0.025,-0.023,0.24,-0.022,0,25.4,53.7
08-03-22,18:35:59,29.88157,77.907363,73,91,92,0,0.025,-0.023,0.25,-0.022,0,25.4,53.7
08-03-22,18:36:02,29.881624,77.906842,75,91,95,0,0.025,-0.023,0.25,-0.022,0,25.4,53.6
08-03-22,18:36:05,29.881624,77.906842,75,92,96,0,0.025,-0.023,0.25,-0.022,0,25.4,53.7
08-03-22,18:36:08,29.881624,77.906842,76,93,98,0,0.025,-0.023,0.25,-0.022,0,25.4,53.8
08-03-22,18:36:11,29.881652,77.906372,76,94,97,0,0.025,-0.023,0.25,-0.022,0,25.4,54
08-03-22,18:36:14,29.881652,77.906372,76,94,98,0,0.025,-0.023,0.25,-0.022,0,25.4,54
08-03-22,18:36:17,29.881652,77.906372,77,94,96,0,0.025,-0.023,0.25,-0.022,0,25.4,54.1
08-03-22,18:36:20,29.881652,77.906372,77,96,99,0,0.025,-0.023,0.25,-0.022,0,25.4,54.2
08-03-22,18:36:23,29.881519,77.905621,77,96,99,0,0.025,-0.023,0.25,-0.022,0,25.4,54.4
08-03-22,18:36:26,29.881519,77.905621,76,95,97,0,0.025,-0.023,0.25,-0.022,0,25.4,54.5
08-03-22,18:36:29,29.881519,77.905621,76,94,101,0,0.025,-0.023,0.25,-0.022,0,25.4,54.7
08-03-22,18:36:33,29.881519,77.905621,76,94,100,0,0.025,-0.023,0.25,-0.022,0,25.3,55.1
08-03-22,18:36:36,29.881519,77.905621,75,94,99,0,0.025,-0.023,0.25,-0.022,0,25.4,55.2
08-03-22,18:36:39,29.881519,77.905621,72,93,100,0,0.025,-0.023,0.25,-0.022,0,25.4,55.9
08-03-22,18:36:42,29.881388,77.90449,71,89,93,0,0.025,-0.023,0.25,-0.022,0,25.4,56.1
08-03-22,18:36:45,29.881388,77.90449,70,88,91,0,0.025,-0.023,0.25,-0.022,0,25.4,56.1
08-03-22,18:36:48,29.881388,77.90449,70,88,89,0,0.025,-0.023,0.25,-0.022,0,25.4,55.7
08-03-22,18:36:51,29.881388,77.90449,70,88,90,0,0.025,-0.023,0.25,-0.022,0,25.4,55.6
08-03-22,18:36:54,29.881061,77.903129,68,87,91,0,0.025,-0.023,0.24,-0.023,0,25.4,55.6
08-03-22,18:36:57,29.881061,77.903129,68,86,88,0,0.025,-0.023,0.25,-0.023,0,25.4,55.4
08-03-22,18:37:00,29.881061,77.903129,68,85,87,0,0.025,-0.023,0.25,-0.023,0,25.3,55
08-03-22,18:37:12,29.87984,77.901158,83,98,102,0,0.025,-0.023,0.25,-0.023,0,25.3,54.6
08-03-22,18:37:15,29.87984,77.901158,85,104,107,0,0.025,-0.023,0.25,-0.023,0,25.3,54.7
08-03-22,18:37:18,29.87984,77.901158,87,107,112,0,0.025,-0.023,0.25,-0.023,0,25.3,54.6
08-03-22,18:37:21,29.87984,77.901158,87,109,111,0,0.025,-0.023,0.25,-0.023,0,25.3,54.5
08-03-22,18:37:24,29.879453,77.900904,87,109,113,0,0.025,-0.023,0.25,-0.023,0,25.3,54.5
08-03-22,18:37:27,29.879453,77.900904,88,109,112,0,0.025,-0.023,0.25,-0.023,0,25.3,54.4
08-03-22,18:37:30,29.879453,77.900904,89,109,114,0,0.025,-0.023,0.25,-0.023,0,25.3,54.3
08-03-22,18:37:33,29.879112,77.90065,90,112,116,0,0.025,-0.023,0.25,-0.023,0,25.2,54.2
08-03-22,18:37:36,29.879112,77.90065,93,114,120,0,0.025,-0.023,0.25,-0.022,0,25.2,54.2
08-03-22,18:37:39,29.879112,77.90065,94,117,125,0,0.025,-0.023,0.25,-0.022,0,25.2,54.5
08-03-22,18:37:42,29.879112,77.90065,91,118,123,0,0.025,-0.023,0.25,-0.022,0,25.2,54.7
08-03-22,18:37:45,29.879112,77.90065,88,117,121,0,0.025,-0.023,0.25,-0.022,0,25.2,54.4
08-03-22,18:37:48,29.879112,77.90065,88,113,116,0,0.025,-0.023,0.26,-0.023,0,25.2,54.2
08-03-22,18:37:51,29.879112,77.90065,89,113,117,0,0.025,-0.023,0.26,-0.022,0,25.2,54.2
08-03-22,18:37:54,29.878235,77.900039,91,114,119,0,0.025,-0.023,0.26,-0.022,0,25.2,54.1
08-03-22,18:37:57,29.878235,77.900039,94,118,122,0,0.025,-0.023,0.25,-0.022,0,25.3,54
08-03-22,18:38:00,29.878235,77.900039,98,122,126,0,0.025,-0.023,0.25,-0.022,0,25.2,53.9
08-03-22,18:38:03,29.877755,77.899645,101,126,134,0,0.025,-0.023,0.25,-0.022,0,25.2,53.8
08-03-22,18:38:06,29.877755,77.899645,102,131,136,0,0.025,-0.023,0.25,-0.022,0,25.2,53.8
08-03-22,18:38:09,29.877755,77.899645,103,133,136,0,0.025,-0.023,0.25,-0.022,0,25.3,53.7
08-03-22,18:38:12,29.877138,77.899124,102,134,137,0,0.025,-0.023,0.25,-0.022,0,25.3,53.6
08-03-22,18:38:15,29.877138,77.899124,102,134,139,0,0.025,-0.023,0.25,-0.023,0,25.3,53.8
08-03-22,18:38:18,29.877138,77.899124,102,133,141,0,0.025,-0.023,0.25,-0.022,0,25.3,54
08-03-22,18:38:21,29.877138,77.899124,103,133,141,0,0.025,-0.023,0.25,-0.023,0,25.3,54
08-03-22,18:38:24,29.876525,77.898551,103,133,141,0,0.025,-0.023,0.25,-0.023,0,25.3,53.9
08-03-22,18:38:27,29.876525,77.898551,102,133,141,0,0.025,-0.023,0.25,-0.022,0,25.3,53.8
08-03-22,18:38:30,29.876525,77.898551,102,133,141,0,0.025,-0.023,0.25,-0.022,0,25.3,53.7
08-03-22,18:38:33,29.875819,77.897916,102,132,141,0,0.025,-0.023,0.24,-0.022,0,25.3,53.8
08-03-22,18:38:36,29.875819,77.897916,103,132,139,0,0.025,-0.023,0.24,-0.022,0,25.3,53.8
08-03-22,18:38:39,29.875819,77.897916,105,133,141,0,0.024,-0.023,0.24,-0.022,0,25.3,53.7
08-03-22,18:38:42,29.875819,77.897916,115,134,154,0,0.024,-0.023,0.23,-0.022,0,25.3,53.6
08-03-22,18:38:45,29.875819,77.897916,128,144,158,0,0.024,-0.022,0.23,-0.022,0,25.3,53.4
08-03-22,18:38:48,29.875819,77.897916,133,164,175,0,0.024,-0.022,0.23,-0.022,0,25.3,53.4
08-03-22,18:38:51,29.875819,77.897916,135,174,183,0,0.024,-0.023,0.23,-0.022,0,25.3,53.5
08-03-22,18:38:54,29.875819,77.897916,138,178,194,0,0.024,-0.023,0.23,-0.022,0,25.3,53.8
08-03-22,18:38:57,29.875819,77.897916,140,182,192,0,0.024,-0.022,0.23,-0.022,0,25.3,53.6
08-03-22,18:39:00,29.875819,77.897916,141,184,194,0,0.024,-0.023,0.23,-0.022,0,25.3,53.6
08-03-22,18:39:03,29.874481,77.896021,142,186,190,0,0.024,-0.023,0.23,-0.022,0,25.3,53.5
08-03-22,18:39:06,29.874481,77.896021,145,188,195,0,0.024,-0.023,0.24,-0.022,0,25.3,53.6
08-03-22,18:39:09,29.874481,77.896021,149,192,200,0,0.024,-0.023,0.24,-0.022,0,25.3,53.5
08-03-22,18:39:12,29.874481,77.896021,150,195,203,0,0.024,-0.023,0.24,-0.022,0,25.4,53.5
08-03-22,18:39:15,29.874303,77.895245,151,198,208,0,0.024,-0.023,0.24,-0.022,0,25.4,53.6
08-03-22,18:39:18,29.874303,77.895245,147,198,211,0,0.024,-0.023,0.24,-0.022,0,25.4,53.6
08-03-22,18:39:21,29.874303,77.895245,141,192,201,0,0.024,-0.023,0.25,-0.022,0,25.4,53.6
08-03-22,18:39:24,29.874233,77.894521,142,183,187,0,0.024,-0.023,0.25,-0.022,0,25.4,53.7
08-03-22,18:39:27,29.874233,77.894521,141,182,189,0,0.024,-0.023,0.25,-0.022,0,25.4,53.7
08-03-22,18:39:30,29.874233,77.894521,140,181,190,0,0.024,-0.022,0.25,-0.022,0,25.4,53.6
08-03-22,18:39:33,29.874233,77.894521,139,178,182,0,0.024,-0.022,0.25,-0.022,0,25.4,53.7
08-03-22,18:39:36,29.874233,77.894521,138,176,183,0,0.024,-0.022,0.24,-0.022,0,25.4,54
08-03-22,18:39:39,29.874233,77.894521,137,174,178,0,0.024,-0.022,0.24,-0.022,0,25.4,54.1
08-03-22,18:39:42,29.874233,77.894521,133,170,172,0,0.024,-0.022,0.24,-0.021,0,25.4,54
08-03-22,18:39:45,29.873705,77.89419,130,166,169,0,0.024,-0.022,0.24,-0.022,0,25.4,54
08-03-22,18:39:48,29.873705,77.89419,126,163,164,0,0.024,-0.022,0.24,-0.022,0,25.4,53.7
08-03-22,18:39:52,29.873705,77.89419,122,159,162,0,0.025,-0.022,0.24,-0.022,0,25.4,53.6
08-03-22,18:39:55,29.873705,77.89419,117,154,158,0,0.024,-0.022,0.24,-0.022,0,25.4,54.1
08-03-22,18:39:58,29.873705,77.89419,109,146,148,0,0.024,-0.022,0.24,-0.022,0,25.4,54.6
08-03-22,18:40:01,29.873705,77.89419,106,137,139,0,0.024,-0.023,0.24,-0.022,0,25.4,54.9
08-03-22,18:40:04,29.873705,77.89419,105,132,134,0,0.024,-0.022,0.25,-0.022,0,25.4,54.5
08-03-22,18:40:07,29.873705,77.89419,104,130,135,0,0.024,-0.023,0.25,-0.022,0,25.4,53.9
08-03-22,18:40:10,29.873705,77.89419,104,130,131,0,0.025,-0.023,0.25,-0.022,0,25.4,53.6
08-03-22,18:40:13,29.873705,77.89419,104,130,133,0,0.025,-0.023,0.25,-0.022,0,25.5,53.5
08-03-22,18:40:16,29.873705,77.89419,103,130,134,0,0.025,-0.022,0.25,-0.022,0,25.5,53.5
08-03-22,18:40:19,29.873705,77.89419,101,128,139,0,0.024,-0.023,0.24,-0.022,0,25.5,53.6
08-03-22,18:40:22,29.873705,77.89419,100,126,136,0,0.025,-0.023,0.24,-0.022,0,25.5,53.5
08-03-22,18:40:25,29.873161,77.89522,99,125,129,0,0.025,-0.023,0.24,-0.022,0,25.5,53.6
08-03-22,18:40:28,29.873161,77.89522,98,125,131,0,0.025,-0.022,0.24,-0.021,0,25.5,53.7
08-03-22,18:40:31,29.873161,77.89522,96,123,129,0,0.025,-0.023,0.24,-0.021,0,25.5,53.8
08-03-22,18:40:34,29.873161,77.89522,93,122,125,0,0.025,-0.023,0.24,-0.022,0,25.5,54.1
08-03-22,18:40:37,29.873161,77.89522,91,119,125,0,0.025,-0.023,0.24,-0.022,0,25.5,54.2
08-03-22,18:40:40,29.873161,77.89522,89,117,121,0,0.025,-0.023,0.24,-0.022,0,25.5,54.4
08-03-22,18:40:43,29.873161,77.89522,88,116,120,0,0.025,-0.023,0.24,-0.022,0,25.5,54.7
08-03-22,18:40:46,29.873161,77.89522,87,114,120,0,0.025,-0.023,0.23,-0.021,0,25.5,54.7
08-03-22,18:40:49,29.873161,77.89522,88,114,122,0,0.024,-0.022,0.24,-0.021,0,25.5,54.8
08-03-22,18:40:52,29.873161,77.89522,89,114,123,0,0.025,-0.023,0.24,-0.022,0,25.5,54.7
08-03-22,18:40:55,29.873161,77.89522,91,117,124,0,0.024,-0.022,0.24,-0.022,0,25.5,54.6
08-03-22,18:40:58,29.873161,77.89522,89,118,122,0,0.024,-0.022,0.24,-0.022,0,25.5,54.8
08-03-22,18:41:01,29.873161,77.89522,88,117,118,0,0.025,-0.022,0.24,-0.022,0,25.5,54.7
08-03-22,18:41:04,29.873161,77.89522,95,116,132,0,0.025,-0.022,0.24,-0.022,0,25.4,54.4
